family	parent_chain	rank	historical_path	historical_chain	CA_RMSD_A	sequence_identity	sidecar	target_input	specification
design0	A	1	/scratch/brussel/vo/000/bvo00014/vsc39230/slyb/out/rfd3_penta_single_36_52_hotspotori_scr8_50056908/rfd3_penta_single_36_52_hotspotori_penta_single_36_52_hotspotori_0_model_0.cif.gz	A	0.0	1.0	/scratch/brussel/vo/000/bvo00014/vsc39230/slyb/out/rfd3_penta_single_36_52_hotspotori_scr8_50056908/rfd3_penta_single_36_52_hotspotori_penta_single_36_52_hotspotori_0_model_0.json	/scratch/brussel/vo/000/bvo00014/vsc39230/slyb/inputs/target_penta_soluble.pdb	"{""input"":""/scratch/brussel/vo/000/bvo00014/vsc39230/slyb/inputs/target_penta_soluble.pdb"",""contig"":""36-52,/0,J18-60,J103-155,K18-60,K103-155,A18-60,A103-155,B18-60,B103-155,C18-60,C103-155"",""extra"":{""example"":""penta_single_36_52_hotspotori"",""task_name"":""rfd3_penta_single_36_52_hotspotori_penta_single_36_52_hotspotori"",""sampled_contig"":""50P,/0,J18,J19,J20,J21,J22,J23,J24,J25,J26,J27,J28,J29,J30,J31,J32,J33,J34,J35,J36,J37,J38,J39,J40,J41,J42,J43,J44,J45,J46,J47,J48,J49,J50,J51,J52,J53,J54,J55,J56,J57,J58,J59,J60,J103,J104,J105,J106,J107,J108,J109,J110,J111,J112,J113,J114,J115,J116,J117,J118,J119,J120,J121,J122,J123,J124,J125,J126,J127,J128,J129,J130,J131,J132,J133,J134,J135,J136,J137,J138,J139,J140,J141,J142,J143,J144,J145,J146,J147,J148,J149,J150,J151,J152,J153,J154,J155,K18,K19,K20,K21,K22,K23,K24,K25,K26,K27,K28,K29,K30,K31,K32,K33,K34,K35,K36,K37,K38,K39,K40,K41,K42,K43,K44,K45,K46,K47,K48,K49,K50,K51,K52,K53,K54,K55,K56,K57,K58,K59,K60,K103,K104,K105,K106,K107,K108,K109,K110,K111,K"
design0	A	2	/scratch/brussel/vo/000/bvo00014/vsc39230/slyb/out/rfd3_penta_2b_hotspotori_T20_50056900/rfd3_penta_2b_compact_hotspotori_penta_2b_compact_hotspotori_0_model_0.cif.gz	A	9.504756	0.18	/scratch/brussel/vo/000/bvo00014/vsc39230/slyb/out/rfd3_penta_2b_hotspotori_T20_50056900/rfd3_penta_2b_compact_hotspotori_penta_2b_compact_hotspotori_0_model_0.json	/scratch/brussel/vo/000/bvo00014/vsc39230/slyb/inputs/target_penta_soluble.pdb	"{""input"":""/scratch/brussel/vo/000/bvo00014/vsc39230/slyb/inputs/target_penta_soluble.pdb"",""contig"":""35-50,/0,35-50,/0,J18-60,J103-155,K18-60,K103-155,A18-60,A103-155,B18-60,B103-155,C18-60,C103-155"",""extra"":{""example"":""penta_2b_compact_hotspotori"",""task_name"":""rfd3_penta_2b_compact_hotspotori_penta_2b_compact_hotspotori"",""sampled_contig"":""50P,/0,49P,/0,J18,J19,J20,J21,J22,J23,J24,J25,J26,J27,J28,J29,J30,J31,J32,J33,J34,J35,J36,J37,J38,J39,J40,J41,J42,J43,J44,J45,J46,J47,J48,J49,J50,J51,J52,J53,J54,J55,J56,J57,J58,J59,J60,J103,J104,J105,J106,J107,J108,J109,J110,J111,J112,J113,J114,J115,J116,J117,J118,J119,J120,J121,J122,J123,J124,J125,J126,J127,J128,J129,J130,J131,J132,J133,J134,J135,J136,J137,J138,J139,J140,J141,J142,J143,J144,J145,J146,J147,J148,J149,J150,J151,J152,J153,J154,J155,K18,K19,K20,K21,K22,K23,K24,K25,K26,K27,K28,K29,K30,K31,K32,K33,K34,K35,K36,K37,K38,K39,K40,K41,K42,K43,K44,K45,K46,K47,K48,K49,K50,K51,K52,K53,K54,K55,K56,K57,K58,K59,K60,K103,K104,K105,K106,K107,K108,K109,K"
design0	A	3	/scratch/brussel/vo/000/bvo00014/vsc39230/slyb/out/rfd3_T200_penta_single_screen/penta_60_single/_penta_60_single_50056631_1_penta_60_single_15_model_0.cif.gz	A	9.718894	0.18	/scratch/brussel/vo/000/bvo00014/vsc39230/slyb/out/rfd3_T200_penta_single_screen/penta_60_single/_penta_60_single_50056631_1_penta_60_single_15_model_0.json	/scratch/brussel/vo/000/bvo00014/vsc39230/slyb/inputs/target_penta_soluble.pdb	"{""input"":""/scratch/brussel/vo/000/bvo00014/vsc39230/slyb/inputs/target_penta_soluble.pdb"",""contig"":""45-65,/0,J18-60,J103-155,K18-60,K103-155,A18-60,A103-155,B18-60,B103-155,C18-60,C103-155"",""extra"":{""example"":""penta_60_single"",""task_name"":""_penta_60_single_50056631_1_penta_60_single"",""sampled_contig"":""50P,/0,J18,J19,J20,J21,J22,J23,J24,J25,J26,J27,J28,J29,J30,J31,J32,J33,J34,J35,J36,J37,J38,J39,J40,J41,J42,J43,J44,J45,J46,J47,J48,J49,J50,J51,J52,J53,J54,J55,J56,J57,J58,J59,J60,J103,J104,J105,J106,J107,J108,J109,J110,J111,J112,J113,J114,J115,J116,J117,J118,J119,J120,J121,J122,J123,J124,J125,J126,J127,J128,J129,J130,J131,J132,J133,J134,J135,J136,J137,J138,J139,J140,J141,J142,J143,J144,J145,J146,J147,J148,J149,J150,J151,J152,J153,J154,J155,K18,K19,K20,K21,K22,K23,K24,K25,K26,K27,K28,K29,K30,K31,K32,K33,K34,K35,K36,K37,K38,K39,K40,K41,K42,K43,K44,K45,K46,K47,K48,K49,K50,K51,K52,K53,K54,K55,K56,K57,K58,K59,K60,K103,K104,K105,K106,K107,K108,K109,K110,K111,K112,K113,K114,K115,K116,K117,K118,K"
design0	A	4	/scratch/brussel/vo/000/bvo00014/vsc39230/slyb/out/rfd3_penta_2b_hotspotori_scr8_50056903/rfd3_penta_2b_compact_hotspotori_penta_2b_compact_hotspotori_0_model_0.cif.gz	A	10.287153	0.16	/scratch/brussel/vo/000/bvo00014/vsc39230/slyb/out/rfd3_penta_2b_hotspotori_scr8_50056903/rfd3_penta_2b_compact_hotspotori_penta_2b_compact_hotspotori_0_model_0.json	/scratch/brussel/vo/000/bvo00014/vsc39230/slyb/inputs/target_penta_soluble.pdb	"{""input"":""/scratch/brussel/vo/000/bvo00014/vsc39230/slyb/inputs/target_penta_soluble.pdb"",""contig"":""35-50,/0,35-50,/0,J18-60,J103-155,K18-60,K103-155,A18-60,A103-155,B18-60,B103-155,C18-60,C103-155"",""extra"":{""example"":""penta_2b_compact_hotspotori"",""task_name"":""rfd3_penta_2b_compact_hotspotori_penta_2b_compact_hotspotori"",""sampled_contig"":""50P,/0,35P,/0,J18,J19,J20,J21,J22,J23,J24,J25,J26,J27,J28,J29,J30,J31,J32,J33,J34,J35,J36,J37,J38,J39,J40,J41,J42,J43,J44,J45,J46,J47,J48,J49,J50,J51,J52,J53,J54,J55,J56,J57,J58,J59,J60,J103,J104,J105,J106,J107,J108,J109,J110,J111,J112,J113,J114,J115,J116,J117,J118,J119,J120,J121,J122,J123,J124,J125,J126,J127,J128,J129,J130,J131,J132,J133,J134,J135,J136,J137,J138,J139,J140,J141,J142,J143,J144,J145,J146,J147,J148,J149,J150,J151,J152,J153,J154,J155,K18,K19,K20,K21,K22,K23,K24,K25,K26,K27,K28,K29,K30,K31,K32,K33,K34,K35,K36,K37,K38,K39,K40,K41,K42,K43,K44,K45,K46,K47,K48,K49,K50,K51,K52,K53,K54,K55,K56,K57,K58,K59,K60,K103,K104,K105,K106,K107,K108,K109,K"
design0	B	1	/scratch/brussel/vo/000/bvo00014/vsc39230/slyb/out/rfd3_penta_single_36_52_hotspotori_T200_50056907/rfd3_penta_single_36_52_hotspotori_penta_single_36_52_hotspotori_0_model_0.cif.gz	B	0.0	1.0	/scratch/brussel/vo/000/bvo00014/vsc39230/slyb/out/rfd3_penta_single_36_52_hotspotori_T200_50056907/rfd3_penta_single_36_52_hotspotori_penta_single_36_52_hotspotori_0_model_0.json	/scratch/brussel/vo/000/bvo00014/vsc39230/slyb/inputs/target_penta_soluble.pdb	"{""input"":""/scratch/brussel/vo/000/bvo00014/vsc39230/slyb/inputs/target_penta_soluble.pdb"",""contig"":""36-52,/0,J18-60,J103-155,K18-60,K103-155,A18-60,A103-155,B18-60,B103-155,C18-60,C103-155"",""extra"":{""example"":""penta_single_36_52_hotspotori"",""task_name"":""rfd3_penta_single_36_52_hotspotori_penta_single_36_52_hotspotori"",""sampled_contig"":""39P,/0,J18,J19,J20,J21,J22,J23,J24,J25,J26,J27,J28,J29,J30,J31,J32,J33,J34,J35,J36,J37,J38,J39,J40,J41,J42,J43,J44,J45,J46,J47,J48,J49,J50,J51,J52,J53,J54,J55,J56,J57,J58,J59,J60,J103,J104,J105,J106,J107,J108,J109,J110,J111,J112,J113,J114,J115,J116,J117,J118,J119,J120,J121,J122,J123,J124,J125,J126,J127,J128,J129,J130,J131,J132,J133,J134,J135,J136,J137,J138,J139,J140,J141,J142,J143,J144,J145,J146,J147,J148,J149,J150,J151,J152,J153,J154,J155,K18,K19,K20,K21,K22,K23,K24,K25,K26,K27,K28,K29,K30,K31,K32,K33,K34,K35,K36,K37,K38,K39,K40,K41,K42,K43,K44,K45,K46,K47,K48,K49,K50,K51,K52,K53,K54,K55,K56,K57,K58,K59,K60,K103,K104,K105,K106,K107,K108,K109,K110,K111,K"
design0	B	2	/scratch/brussel/vo/000/bvo00014/vsc39230/slyb/out/rfd3_penta_single_36_52_hotspotori_T20_50056906/rfd3_penta_single_36_52_hotspotori_penta_single_36_52_hotspotori_0_model_0.cif.gz	B	0.0	1.0	/scratch/brussel/vo/000/bvo00014/vsc39230/slyb/out/rfd3_penta_single_36_52_hotspotori_T20_50056906/rfd3_penta_single_36_52_hotspotori_penta_single_36_52_hotspotori_0_model_0.json	/scratch/brussel/vo/000/bvo00014/vsc39230/slyb/inputs/target_penta_soluble.pdb	"{""input"":""/scratch/brussel/vo/000/bvo00014/vsc39230/slyb/inputs/target_penta_soluble.pdb"",""contig"":""36-52,/0,J18-60,J103-155,K18-60,K103-155,A18-60,A103-155,B18-60,B103-155,C18-60,C103-155"",""extra"":{""example"":""penta_single_36_52_hotspotori"",""task_name"":""rfd3_penta_single_36_52_hotspotori_penta_single_36_52_hotspotori"",""sampled_contig"":""40P,/0,J18,J19,J20,J21,J22,J23,J24,J25,J26,J27,J28,J29,J30,J31,J32,J33,J34,J35,J36,J37,J38,J39,J40,J41,J42,J43,J44,J45,J46,J47,J48,J49,J50,J51,J52,J53,J54,J55,J56,J57,J58,J59,J60,J103,J104,J105,J106,J107,J108,J109,J110,J111,J112,J113,J114,J115,J116,J117,J118,J119,J120,J121,J122,J123,J124,J125,J126,J127,J128,J129,J130,J131,J132,J133,J134,J135,J136,J137,J138,J139,J140,J141,J142,J143,J144,J145,J146,J147,J148,J149,J150,J151,J152,J153,J154,J155,K18,K19,K20,K21,K22,K23,K24,K25,K26,K27,K28,K29,K30,K31,K32,K33,K34,K35,K36,K37,K38,K39,K40,K41,K42,K43,K44,K45,K46,K47,K48,K49,K50,K51,K52,K53,K54,K55,K56,K57,K58,K59,K60,K103,K104,K105,K106,K107,K108,K109,K110,K111,K"
design0	B	3	/scratch/brussel/vo/000/bvo00014/vsc39230/slyb/out/rfd3_penta_single_36_52_hotspotori_scr8_50056908/rfd3_penta_single_36_52_hotspotori_penta_single_36_52_hotspotori_0_model_0.cif.gz	B	0.0	1.0	/scratch/brussel/vo/000/bvo00014/vsc39230/slyb/out/rfd3_penta_single_36_52_hotspotori_scr8_50056908/rfd3_penta_single_36_52_hotspotori_penta_single_36_52_hotspotori_0_model_0.json	/scratch/brussel/vo/000/bvo00014/vsc39230/slyb/inputs/target_penta_soluble.pdb	"{""input"":""/scratch/brussel/vo/000/bvo00014/vsc39230/slyb/inputs/target_penta_soluble.pdb"",""contig"":""36-52,/0,J18-60,J103-155,K18-60,K103-155,A18-60,A103-155,B18-60,B103-155,C18-60,C103-155"",""extra"":{""example"":""penta_single_36_52_hotspotori"",""task_name"":""rfd3_penta_single_36_52_hotspotori_penta_single_36_52_hotspotori"",""sampled_contig"":""50P,/0,J18,J19,J20,J21,J22,J23,J24,J25,J26,J27,J28,J29,J30,J31,J32,J33,J34,J35,J36,J37,J38,J39,J40,J41,J42,J43,J44,J45,J46,J47,J48,J49,J50,J51,J52,J53,J54,J55,J56,J57,J58,J59,J60,J103,J104,J105,J106,J107,J108,J109,J110,J111,J112,J113,J114,J115,J116,J117,J118,J119,J120,J121,J122,J123,J124,J125,J126,J127,J128,J129,J130,J131,J132,J133,J134,J135,J136,J137,J138,J139,J140,J141,J142,J143,J144,J145,J146,J147,J148,J149,J150,J151,J152,J153,J154,J155,K18,K19,K20,K21,K22,K23,K24,K25,K26,K27,K28,K29,K30,K31,K32,K33,K34,K35,K36,K37,K38,K39,K40,K41,K42,K43,K44,K45,K46,K47,K48,K49,K50,K51,K52,K53,K54,K55,K56,K57,K58,K59,K60,K103,K104,K105,K106,K107,K108,K109,K110,K111,K"
design0	B	4	/scratch/brussel/vo/000/bvo00014/vsc39230/slyb/out/rfd3_penta_single_36_52_hotspotori_scr8_50056908/rfd3_penta_single_36_52_hotspotori_penta_single_36_52_hotspotori_1_model_0.cif.gz	B	0.0	1.0	/scratch/brussel/vo/000/bvo00014/vsc39230/slyb/out/rfd3_penta_single_36_52_hotspotori_scr8_50056908/rfd3_penta_single_36_52_hotspotori_penta_single_36_52_hotspotori_1_model_0.json	/scratch/brussel/vo/000/bvo00014/vsc39230/slyb/inputs/target_penta_soluble.pdb	"{""input"":""/scratch/brussel/vo/000/bvo00014/vsc39230/slyb/inputs/target_penta_soluble.pdb"",""contig"":""36-52,/0,J18-60,J103-155,K18-60,K103-155,A18-60,A103-155,B18-60,B103-155,C18-60,C103-155"",""extra"":{""example"":""penta_single_36_52_hotspotori"",""task_name"":""rfd3_penta_single_36_52_hotspotori_penta_single_36_52_hotspotori"",""sampled_contig"":""37P,/0,J18,J19,J20,J21,J22,J23,J24,J25,J26,J27,J28,J29,J30,J31,J32,J33,J34,J35,J36,J37,J38,J39,J40,J41,J42,J43,J44,J45,J46,J47,J48,J49,J50,J51,J52,J53,J54,J55,J56,J57,J58,J59,J60,J103,J104,J105,J106,J107,J108,J109,J110,J111,J112,J113,J114,J115,J116,J117,J118,J119,J120,J121,J122,J123,J124,J125,J126,J127,J128,J129,J130,J131,J132,J133,J134,J135,J136,J137,J138,J139,J140,J141,J142,J143,J144,J145,J146,J147,J148,J149,J150,J151,J152,J153,J154,J155,K18,K19,K20,K21,K22,K23,K24,K25,K26,K27,K28,K29,K30,K31,K32,K33,K34,K35,K36,K37,K38,K39,K40,K41,K42,K43,K44,K45,K46,K47,K48,K49,K50,K51,K52,K53,K54,K55,K56,K57,K58,K59,K60,K103,K104,K105,K106,K107,K108,K109,K110,K111,K"
design0	B	5	/scratch/brussel/vo/000/bvo00014/vsc39230/slyb/out/rfd3_penta_single_36_52_hotspotori_scr8_50056908/rfd3_penta_single_36_52_hotspotori_penta_single_36_52_hotspotori_2_model_0.cif.gz	B	0.0	1.0	/scratch/brussel/vo/000/bvo00014/vsc39230/slyb/out/rfd3_penta_single_36_52_hotspotori_scr8_50056908/rfd3_penta_single_36_52_hotspotori_penta_single_36_52_hotspotori_2_model_0.json	/scratch/brussel/vo/000/bvo00014/vsc39230/slyb/inputs/target_penta_soluble.pdb	"{""input"":""/scratch/brussel/vo/000/bvo00014/vsc39230/slyb/inputs/target_penta_soluble.pdb"",""contig"":""36-52,/0,J18-60,J103-155,K18-60,K103-155,A18-60,A103-155,B18-60,B103-155,C18-60,C103-155"",""extra"":{""example"":""penta_single_36_52_hotspotori"",""task_name"":""rfd3_penta_single_36_52_hotspotori_penta_single_36_52_hotspotori"",""sampled_contig"":""51P,/0,J18,J19,J20,J21,J22,J23,J24,J25,J26,J27,J28,J29,J30,J31,J32,J33,J34,J35,J36,J37,J38,J39,J40,J41,J42,J43,J44,J45,J46,J47,J48,J49,J50,J51,J52,J53,J54,J55,J56,J57,J58,J59,J60,J103,J104,J105,J106,J107,J108,J109,J110,J111,J112,J113,J114,J115,J116,J117,J118,J119,J120,J121,J122,J123,J124,J125,J126,J127,J128,J129,J130,J131,J132,J133,J134,J135,J136,J137,J138,J139,J140,J141,J142,J143,J144,J145,J146,J147,J148,J149,J150,J151,J152,J153,J154,J155,K18,K19,K20,K21,K22,K23,K24,K25,K26,K27,K28,K29,K30,K31,K32,K33,K34,K35,K36,K37,K38,K39,K40,K41,K42,K43,K44,K45,K46,K47,K48,K49,K50,K51,K52,K53,K54,K55,K56,K57,K58,K59,K60,K103,K104,K105,K106,K107,K108,K109,K110,K111,K"
design0	B	6	/scratch/brussel/vo/000/bvo00014/vsc39230/slyb/out/rfd3_penta_single_36_52_hotspotori_scr8_50056908/rfd3_penta_single_36_52_hotspotori_penta_single_36_52_hotspotori_3_model_0.cif.gz	B	0.0	1.0	/scratch/brussel/vo/000/bvo00014/vsc39230/slyb/out/rfd3_penta_single_36_52_hotspotori_scr8_50056908/rfd3_penta_single_36_52_hotspotori_penta_single_36_52_hotspotori_3_model_0.json	/scratch/brussel/vo/000/bvo00014/vsc39230/slyb/inputs/target_penta_soluble.pdb	"{""input"":""/scratch/brussel/vo/000/bvo00014/vsc39230/slyb/inputs/target_penta_soluble.pdb"",""contig"":""36-52,/0,J18-60,J103-155,K18-60,K103-155,A18-60,A103-155,B18-60,B103-155,C18-60,C103-155"",""extra"":{""example"":""penta_single_36_52_hotspotori"",""task_name"":""rfd3_penta_single_36_52_hotspotori_penta_single_36_52_hotspotori"",""sampled_contig"":""38P,/0,J18,J19,J20,J21,J22,J23,J24,J25,J26,J27,J28,J29,J30,J31,J32,J33,J34,J35,J36,J37,J38,J39,J40,J41,J42,J43,J44,J45,J46,J47,J48,J49,J50,J51,J52,J53,J54,J55,J56,J57,J58,J59,J60,J103,J104,J105,J106,J107,J108,J109,J110,J111,J112,J113,J114,J115,J116,J117,J118,J119,J120,J121,J122,J123,J124,J125,J126,J127,J128,J129,J130,J131,J132,J133,J134,J135,J136,J137,J138,J139,J140,J141,J142,J143,J144,J145,J146,J147,J148,J149,J150,J151,J152,J153,J154,J155,K18,K19,K20,K21,K22,K23,K24,K25,K26,K27,K28,K29,K30,K31,K32,K33,K34,K35,K36,K37,K38,K39,K40,K41,K42,K43,K44,K45,K46,K47,K48,K49,K50,K51,K52,K53,K54,K55,K56,K57,K58,K59,K60,K103,K104,K105,K106,K107,K108,K109,K110,K111,K"
design0	B	7	/scratch/brussel/vo/000/bvo00014/vsc39230/slyb/out/rfd3_penta_single_36_52_hotspotori_scr8_50056908/rfd3_penta_single_36_52_hotspotori_penta_single_36_52_hotspotori_4_model_0.cif.gz	B	0.0	1.0	/scratch/brussel/vo/000/bvo00014/vsc39230/slyb/out/rfd3_penta_single_36_52_hotspotori_scr8_50056908/rfd3_penta_single_36_52_hotspotori_penta_single_36_52_hotspotori_4_model_0.json	/scratch/brussel/vo/000/bvo00014/vsc39230/slyb/inputs/target_penta_soluble.pdb	"{""input"":""/scratch/brussel/vo/000/bvo00014/vsc39230/slyb/inputs/target_penta_soluble.pdb"",""contig"":""36-52,/0,J18-60,J103-155,K18-60,K103-155,A18-60,A103-155,B18-60,B103-155,C18-60,C103-155"",""extra"":{""example"":""penta_single_36_52_hotspotori"",""task_name"":""rfd3_penta_single_36_52_hotspotori_penta_single_36_52_hotspotori"",""sampled_contig"":""40P,/0,J18,J19,J20,J21,J22,J23,J24,J25,J26,J27,J28,J29,J30,J31,J32,J33,J34,J35,J36,J37,J38,J39,J40,J41,J42,J43,J44,J45,J46,J47,J48,J49,J50,J51,J52,J53,J54,J55,J56,J57,J58,J59,J60,J103,J104,J105,J106,J107,J108,J109,J110,J111,J112,J113,J114,J115,J116,J117,J118,J119,J120,J121,J122,J123,J124,J125,J126,J127,J128,J129,J130,J131,J132,J133,J134,J135,J136,J137,J138,J139,J140,J141,J142,J143,J144,J145,J146,J147,J148,J149,J150,J151,J152,J153,J154,J155,K18,K19,K20,K21,K22,K23,K24,K25,K26,K27,K28,K29,K30,K31,K32,K33,K34,K35,K36,K37,K38,K39,K40,K41,K42,K43,K44,K45,K46,K47,K48,K49,K50,K51,K52,K53,K54,K55,K56,K57,K58,K59,K60,K103,K104,K105,K106,K107,K108,K109,K110,K111,K"
design0	B	8	/scratch/brussel/vo/000/bvo00014/vsc39230/slyb/out/rfd3_penta_single_36_52_hotspotori_scr8_50056908/rfd3_penta_single_36_52_hotspotori_penta_single_36_52_hotspotori_5_model_0.cif.gz	B	0.0	1.0	/scratch/brussel/vo/000/bvo00014/vsc39230/slyb/out/rfd3_penta_single_36_52_hotspotori_scr8_50056908/rfd3_penta_single_36_52_hotspotori_penta_single_36_52_hotspotori_5_model_0.json	/scratch/brussel/vo/000/bvo00014/vsc39230/slyb/inputs/target_penta_soluble.pdb	"{""input"":""/scratch/brussel/vo/000/bvo00014/vsc39230/slyb/inputs/target_penta_soluble.pdb"",""contig"":""36-52,/0,J18-60,J103-155,K18-60,K103-155,A18-60,A103-155,B18-60,B103-155,C18-60,C103-155"",""extra"":{""example"":""penta_single_36_52_hotspotori"",""task_name"":""rfd3_penta_single_36_52_hotspotori_penta_single_36_52_hotspotori"",""sampled_contig"":""51P,/0,J18,J19,J20,J21,J22,J23,J24,J25,J26,J27,J28,J29,J30,J31,J32,J33,J34,J35,J36,J37,J38,J39,J40,J41,J42,J43,J44,J45,J46,J47,J48,J49,J50,J51,J52,J53,J54,J55,J56,J57,J58,J59,J60,J103,J104,J105,J106,J107,J108,J109,J110,J111,J112,J113,J114,J115,J116,J117,J118,J119,J120,J121,J122,J123,J124,J125,J126,J127,J128,J129,J130,J131,J132,J133,J134,J135,J136,J137,J138,J139,J140,J141,J142,J143,J144,J145,J146,J147,J148,J149,J150,J151,J152,J153,J154,J155,K18,K19,K20,K21,K22,K23,K24,K25,K26,K27,K28,K29,K30,K31,K32,K33,K34,K35,K36,K37,K38,K39,K40,K41,K42,K43,K44,K45,K46,K47,K48,K49,K50,K51,K52,K53,K54,K55,K56,K57,K58,K59,K60,K103,K104,K105,K106,K107,K108,K109,K110,K111,K"
design0	B	9	/scratch/brussel/vo/000/bvo00014/vsc39230/slyb/out/rfd3_penta_single_36_52_hotspotori_scr8_50056908/rfd3_penta_single_36_52_hotspotori_penta_single_36_52_hotspotori_6_model_0.cif.gz	B	0.0	1.0	/scratch/brussel/vo/000/bvo00014/vsc39230/slyb/out/rfd3_penta_single_36_52_hotspotori_scr8_50056908/rfd3_penta_single_36_52_hotspotori_penta_single_36_52_hotspotori_6_model_0.json	/scratch/brussel/vo/000/bvo00014/vsc39230/slyb/inputs/target_penta_soluble.pdb	"{""input"":""/scratch/brussel/vo/000/bvo00014/vsc39230/slyb/inputs/target_penta_soluble.pdb"",""contig"":""36-52,/0,J18-60,J103-155,K18-60,K103-155,A18-60,A103-155,B18-60,B103-155,C18-60,C103-155"",""extra"":{""example"":""penta_single_36_52_hotspotori"",""task_name"":""rfd3_penta_single_36_52_hotspotori_penta_single_36_52_hotspotori"",""sampled_contig"":""38P,/0,J18,J19,J20,J21,J22,J23,J24,J25,J26,J27,J28,J29,J30,J31,J32,J33,J34,J35,J36,J37,J38,J39,J40,J41,J42,J43,J44,J45,J46,J47,J48,J49,J50,J51,J52,J53,J54,J55,J56,J57,J58,J59,J60,J103,J104,J105,J106,J107,J108,J109,J110,J111,J112,J113,J114,J115,J116,J117,J118,J119,J120,J121,J122,J123,J124,J125,J126,J127,J128,J129,J130,J131,J132,J133,J134,J135,J136,J137,J138,J139,J140,J141,J142,J143,J144,J145,J146,J147,J148,J149,J150,J151,J152,J153,J154,J155,K18,K19,K20,K21,K22,K23,K24,K25,K26,K27,K28,K29,K30,K31,K32,K33,K34,K35,K36,K37,K38,K39,K40,K41,K42,K43,K44,K45,K46,K47,K48,K49,K50,K51,K52,K53,K54,K55,K56,K57,K58,K59,K60,K103,K104,K105,K106,K107,K108,K109,K110,K111,K"
design0	B	10	/scratch/brussel/vo/000/bvo00014/vsc39230/slyb/out/rfd3_penta_single_36_52_hotspotori_scr8_50056908/rfd3_penta_single_36_52_hotspotori_penta_single_36_52_hotspotori_7_model_0.cif.gz	B	0.0	1.0	/scratch/brussel/vo/000/bvo00014/vsc39230/slyb/out/rfd3_penta_single_36_52_hotspotori_scr8_50056908/rfd3_penta_single_36_52_hotspotori_penta_single_36_52_hotspotori_7_model_0.json	/scratch/brussel/vo/000/bvo00014/vsc39230/slyb/inputs/target_penta_soluble.pdb	"{""input"":""/scratch/brussel/vo/000/bvo00014/vsc39230/slyb/inputs/target_penta_soluble.pdb"",""contig"":""36-52,/0,J18-60,J103-155,K18-60,K103-155,A18-60,A103-155,B18-60,B103-155,C18-60,C103-155"",""extra"":{""example"":""penta_single_36_52_hotspotori"",""task_name"":""rfd3_penta_single_36_52_hotspotori_penta_single_36_52_hotspotori"",""sampled_contig"":""39P,/0,J18,J19,J20,J21,J22,J23,J24,J25,J26,J27,J28,J29,J30,J31,J32,J33,J34,J35,J36,J37,J38,J39,J40,J41,J42,J43,J44,J45,J46,J47,J48,J49,J50,J51,J52,J53,J54,J55,J56,J57,J58,J59,J60,J103,J104,J105,J106,J107,J108,J109,J110,J111,J112,J113,J114,J115,J116,J117,J118,J119,J120,J121,J122,J123,J124,J125,J126,J127,J128,J129,J130,J131,J132,J133,J134,J135,J136,J137,J138,J139,J140,J141,J142,J143,J144,J145,J146,J147,J148,J149,J150,J151,J152,J153,J154,J155,K18,K19,K20,K21,K22,K23,K24,K25,K26,K27,K28,K29,K30,K31,K32,K33,K34,K35,K36,K37,K38,K39,K40,K41,K42,K43,K44,K45,K46,K47,K48,K49,K50,K51,K52,K53,K54,K55,K56,K57,K58,K59,K60,K103,K104,K105,K106,K107,K108,K109,K110,K111,K"
design0	B	11	/scratch/brussel/vo/000/bvo00014/vsc39230/slyb/out/rfd3_penta_2b_hotspotori_T200_50056901/rfd3_penta_2b_compact_hotspotori_penta_2b_compact_hotspotori_0_model_0.cif.gz	C	0.087326	1.0	/scratch/brussel/vo/000/bvo00014/vsc39230/slyb/out/rfd3_penta_2b_hotspotori_T200_50056901/rfd3_penta_2b_compact_hotspotori_penta_2b_compact_hotspotori_0_model_0.json	/scratch/brussel/vo/000/bvo00014/vsc39230/slyb/inputs/target_penta_soluble.pdb	"{""input"":""/scratch/brussel/vo/000/bvo00014/vsc39230/slyb/inputs/target_penta_soluble.pdb"",""contig"":""35-50,/0,35-50,/0,J18-60,J103-155,K18-60,K103-155,A18-60,A103-155,B18-60,B103-155,C18-60,C103-155"",""extra"":{""example"":""penta_2b_compact_hotspotori"",""task_name"":""rfd3_penta_2b_compact_hotspotori_penta_2b_compact_hotspotori"",""sampled_contig"":""36P,/0,39P,/0,J18,J19,J20,J21,J22,J23,J24,J25,J26,J27,J28,J29,J30,J31,J32,J33,J34,J35,J36,J37,J38,J39,J40,J41,J42,J43,J44,J45,J46,J47,J48,J49,J50,J51,J52,J53,J54,J55,J56,J57,J58,J59,J60,J103,J104,J105,J106,J107,J108,J109,J110,J111,J112,J113,J114,J115,J116,J117,J118,J119,J120,J121,J122,J123,J124,J125,J126,J127,J128,J129,J130,J131,J132,J133,J134,J135,J136,J137,J138,J139,J140,J141,J142,J143,J144,J145,J146,J147,J148,J149,J150,J151,J152,J153,J154,J155,K18,K19,K20,K21,K22,K23,K24,K25,K26,K27,K28,K29,K30,K31,K32,K33,K34,K35,K36,K37,K38,K39,K40,K41,K42,K43,K44,K45,K46,K47,K48,K49,K50,K51,K52,K53,K54,K55,K56,K57,K58,K59,K60,K103,K104,K105,K106,K107,K108,K109,K"
design0	B	12	/scratch/brussel/vo/000/bvo00014/vsc39230/slyb/out/rfd3_penta_2b_hotspotori_T20_50056900/rfd3_penta_2b_compact_hotspotori_penta_2b_compact_hotspotori_0_model_0.cif.gz	C	0.087326	1.0	/scratch/brussel/vo/000/bvo00014/vsc39230/slyb/out/rfd3_penta_2b_hotspotori_T20_50056900/rfd3_penta_2b_compact_hotspotori_penta_2b_compact_hotspotori_0_model_0.json	/scratch/brussel/vo/000/bvo00014/vsc39230/slyb/inputs/target_penta_soluble.pdb	"{""input"":""/scratch/brussel/vo/000/bvo00014/vsc39230/slyb/inputs/target_penta_soluble.pdb"",""contig"":""35-50,/0,35-50,/0,J18-60,J103-155,K18-60,K103-155,A18-60,A103-155,B18-60,B103-155,C18-60,C103-155"",""extra"":{""example"":""penta_2b_compact_hotspotori"",""task_name"":""rfd3_penta_2b_compact_hotspotori_penta_2b_compact_hotspotori"",""sampled_contig"":""50P,/0,49P,/0,J18,J19,J20,J21,J22,J23,J24,J25,J26,J27,J28,J29,J30,J31,J32,J33,J34,J35,J36,J37,J38,J39,J40,J41,J42,J43,J44,J45,J46,J47,J48,J49,J50,J51,J52,J53,J54,J55,J56,J57,J58,J59,J60,J103,J104,J105,J106,J107,J108,J109,J110,J111,J112,J113,J114,J115,J116,J117,J118,J119,J120,J121,J122,J123,J124,J125,J126,J127,J128,J129,J130,J131,J132,J133,J134,J135,J136,J137,J138,J139,J140,J141,J142,J143,J144,J145,J146,J147,J148,J149,J150,J151,J152,J153,J154,J155,K18,K19,K20,K21,K22,K23,K24,K25,K26,K27,K28,K29,K30,K31,K32,K33,K34,K35,K36,K37,K38,K39,K40,K41,K42,K43,K44,K45,K46,K47,K48,K49,K50,K51,K52,K53,K54,K55,K56,K57,K58,K59,K60,K103,K104,K105,K106,K107,K108,K109,K"
design0	B	13	/scratch/brussel/vo/000/bvo00014/vsc39230/slyb/out/rfd3_penta_2b_hotspotori_scr8_50056903/rfd3_penta_2b_compact_hotspotori_penta_2b_compact_hotspotori_0_model_0.cif.gz	C	0.087326	1.0	/scratch/brussel/vo/000/bvo00014/vsc39230/slyb/out/rfd3_penta_2b_hotspotori_scr8_50056903/rfd3_penta_2b_compact_hotspotori_penta_2b_compact_hotspotori_0_model_0.json	/scratch/brussel/vo/000/bvo00014/vsc39230/slyb/inputs/target_penta_soluble.pdb	"{""input"":""/scratch/brussel/vo/000/bvo00014/vsc39230/slyb/inputs/target_penta_soluble.pdb"",""contig"":""35-50,/0,35-50,/0,J18-60,J103-155,K18-60,K103-155,A18-60,A103-155,B18-60,B103-155,C18-60,C103-155"",""extra"":{""example"":""penta_2b_compact_hotspotori"",""task_name"":""rfd3_penta_2b_compact_hotspotori_penta_2b_compact_hotspotori"",""sampled_contig"":""50P,/0,35P,/0,J18,J19,J20,J21,J22,J23,J24,J25,J26,J27,J28,J29,J30,J31,J32,J33,J34,J35,J36,J37,J38,J39,J40,J41,J42,J43,J44,J45,J46,J47,J48,J49,J50,J51,J52,J53,J54,J55,J56,J57,J58,J59,J60,J103,J104,J105,J106,J107,J108,J109,J110,J111,J112,J113,J114,J115,J116,J117,J118,J119,J120,J121,J122,J123,J124,J125,J126,J127,J128,J129,J130,J131,J132,J133,J134,J135,J136,J137,J138,J139,J140,J141,J142,J143,J144,J145,J146,J147,J148,J149,J150,J151,J152,J153,J154,J155,K18,K19,K20,K21,K22,K23,K24,K25,K26,K27,K28,K29,K30,K31,K32,K33,K34,K35,K36,K37,K38,K39,K40,K41,K42,K43,K44,K45,K46,K47,K48,K49,K50,K51,K52,K53,K54,K55,K56,K57,K58,K59,K60,K103,K104,K105,K106,K107,K108,K109,K"
design0	B	14	/scratch/brussel/vo/000/bvo00014/vsc39230/slyb/out/rfd3_penta_2b_hotspotori_scr8_50056903/rfd3_penta_2b_compact_hotspotori_penta_2b_compact_hotspotori_1_model_0.cif.gz	C	0.087326	1.0	/scratch/brussel/vo/000/bvo00014/vsc39230/slyb/out/rfd3_penta_2b_hotspotori_scr8_50056903/rfd3_penta_2b_compact_hotspotori_penta_2b_compact_hotspotori_1_model_0.json	/scratch/brussel/vo/000/bvo00014/vsc39230/slyb/inputs/target_penta_soluble.pdb	"{""input"":""/scratch/brussel/vo/000/bvo00014/vsc39230/slyb/inputs/target_penta_soluble.pdb"",""contig"":""35-50,/0,35-50,/0,J18-60,J103-155,K18-60,K103-155,A18-60,A103-155,B18-60,B103-155,C18-60,C103-155"",""extra"":{""example"":""penta_2b_compact_hotspotori"",""task_name"":""rfd3_penta_2b_compact_hotspotori_penta_2b_compact_hotspotori"",""sampled_contig"":""49P,/0,41P,/0,J18,J19,J20,J21,J22,J23,J24,J25,J26,J27,J28,J29,J30,J31,J32,J33,J34,J35,J36,J37,J38,J39,J40,J41,J42,J43,J44,J45,J46,J47,J48,J49,J50,J51,J52,J53,J54,J55,J56,J57,J58,J59,J60,J103,J104,J105,J106,J107,J108,J109,J110,J111,J112,J113,J114,J115,J116,J117,J118,J119,J120,J121,J122,J123,J124,J125,J126,J127,J128,J129,J130,J131,J132,J133,J134,J135,J136,J137,J138,J139,J140,J141,J142,J143,J144,J145,J146,J147,J148,J149,J150,J151,J152,J153,J154,J155,K18,K19,K20,K21,K22,K23,K24,K25,K26,K27,K28,K29,K30,K31,K32,K33,K34,K35,K36,K37,K38,K39,K40,K41,K42,K43,K44,K45,K46,K47,K48,K49,K50,K51,K52,K53,K54,K55,K56,K57,K58,K59,K60,K103,K104,K105,K106,K107,K108,K109,K"
design0	B	15	/scratch/brussel/vo/000/bvo00014/vsc39230/slyb/out/rfd3_penta_2b_hotspotori_scr8_50056903/rfd3_penta_2b_compact_hotspotori_penta_2b_compact_hotspotori_2_model_0.cif.gz	C	0.087326	1.0	/scratch/brussel/vo/000/bvo00014/vsc39230/slyb/out/rfd3_penta_2b_hotspotori_scr8_50056903/rfd3_penta_2b_compact_hotspotori_penta_2b_compact_hotspotori_2_model_0.json	/scratch/brussel/vo/000/bvo00014/vsc39230/slyb/inputs/target_penta_soluble.pdb	"{""input"":""/scratch/brussel/vo/000/bvo00014/vsc39230/slyb/inputs/target_penta_soluble.pdb"",""contig"":""35-50,/0,35-50,/0,J18-60,J103-155,K18-60,K103-155,A18-60,A103-155,B18-60,B103-155,C18-60,C103-155"",""extra"":{""example"":""penta_2b_compact_hotspotori"",""task_name"":""rfd3_penta_2b_compact_hotspotori_penta_2b_compact_hotspotori"",""sampled_contig"":""49P,/0,35P,/0,J18,J19,J20,J21,J22,J23,J24,J25,J26,J27,J28,J29,J30,J31,J32,J33,J34,J35,J36,J37,J38,J39,J40,J41,J42,J43,J44,J45,J46,J47,J48,J49,J50,J51,J52,J53,J54,J55,J56,J57,J58,J59,J60,J103,J104,J105,J106,J107,J108,J109,J110,J111,J112,J113,J114,J115,J116,J117,J118,J119,J120,J121,J122,J123,J124,J125,J126,J127,J128,J129,J130,J131,J132,J133,J134,J135,J136,J137,J138,J139,J140,J141,J142,J143,J144,J145,J146,J147,J148,J149,J150,J151,J152,J153,J154,J155,K18,K19,K20,K21,K22,K23,K24,K25,K26,K27,K28,K29,K30,K31,K32,K33,K34,K35,K36,K37,K38,K39,K40,K41,K42,K43,K44,K45,K46,K47,K48,K49,K50,K51,K52,K53,K54,K55,K56,K57,K58,K59,K60,K103,K104,K105,K106,K107,K108,K109,K"
design0	B	16	/scratch/brussel/vo/000/bvo00014/vsc39230/slyb/out/rfd3_penta_2b_hotspotori_scr8_50056903/rfd3_penta_2b_compact_hotspotori_penta_2b_compact_hotspotori_3_model_0.cif.gz	C	0.087326	1.0	/scratch/brussel/vo/000/bvo00014/vsc39230/slyb/out/rfd3_penta_2b_hotspotori_scr8_50056903/rfd3_penta_2b_compact_hotspotori_penta_2b_compact_hotspotori_3_model_0.json	/scratch/brussel/vo/000/bvo00014/vsc39230/slyb/inputs/target_penta_soluble.pdb	"{""input"":""/scratch/brussel/vo/000/bvo00014/vsc39230/slyb/inputs/target_penta_soluble.pdb"",""contig"":""35-50,/0,35-50,/0,J18-60,J103-155,K18-60,K103-155,A18-60,A103-155,B18-60,B103-155,C18-60,C103-155"",""extra"":{""example"":""penta_2b_compact_hotspotori"",""task_name"":""rfd3_penta_2b_compact_hotspotori_penta_2b_compact_hotspotori"",""sampled_contig"":""40P,/0,35P,/0,J18,J19,J20,J21,J22,J23,J24,J25,J26,J27,J28,J29,J30,J31,J32,J33,J34,J35,J36,J37,J38,J39,J40,J41,J42,J43,J44,J45,J46,J47,J48,J49,J50,J51,J52,J53,J54,J55,J56,J57,J58,J59,J60,J103,J104,J105,J106,J107,J108,J109,J110,J111,J112,J113,J114,J115,J116,J117,J118,J119,J120,J121,J122,J123,J124,J125,J126,J127,J128,J129,J130,J131,J132,J133,J134,J135,J136,J137,J138,J139,J140,J141,J142,J143,J144,J145,J146,J147,J148,J149,J150,J151,J152,J153,J154,J155,K18,K19,K20,K21,K22,K23,K24,K25,K26,K27,K28,K29,K30,K31,K32,K33,K34,K35,K36,K37,K38,K39,K40,K41,K42,K43,K44,K45,K46,K47,K48,K49,K50,K51,K52,K53,K54,K55,K56,K57,K58,K59,K60,K103,K104,K105,K106,K107,K108,K109,K"
design0	B	17	/scratch/brussel/vo/000/bvo00014/vsc39230/slyb/out/rfd3_penta_2b_hotspotori_scr8_50056903/rfd3_penta_2b_compact_hotspotori_penta_2b_compact_hotspotori_4_model_0.cif.gz	C	0.087326	1.0	/scratch/brussel/vo/000/bvo00014/vsc39230/slyb/out/rfd3_penta_2b_hotspotori_scr8_50056903/rfd3_penta_2b_compact_hotspotori_penta_2b_compact_hotspotori_4_model_0.json	/scratch/brussel/vo/000/bvo00014/vsc39230/slyb/inputs/target_penta_soluble.pdb	"{""input"":""/scratch/brussel/vo/000/bvo00014/vsc39230/slyb/inputs/target_penta_soluble.pdb"",""contig"":""35-50,/0,35-50,/0,J18-60,J103-155,K18-60,K103-155,A18-60,A103-155,B18-60,B103-155,C18-60,C103-155"",""extra"":{""example"":""penta_2b_compact_hotspotori"",""task_name"":""rfd3_penta_2b_compact_hotspotori_penta_2b_compact_hotspotori"",""sampled_contig"":""48P,/0,38P,/0,J18,J19,J20,J21,J22,J23,J24,J25,J26,J27,J28,J29,J30,J31,J32,J33,J34,J35,J36,J37,J38,J39,J40,J41,J42,J43,J44,J45,J46,J47,J48,J49,J50,J51,J52,J53,J54,J55,J56,J57,J58,J59,J60,J103,J104,J105,J106,J107,J108,J109,J110,J111,J112,J113,J114,J115,J116,J117,J118,J119,J120,J121,J122,J123,J124,J125,J126,J127,J128,J129,J130,J131,J132,J133,J134,J135,J136,J137,J138,J139,J140,J141,J142,J143,J144,J145,J146,J147,J148,J149,J150,J151,J152,J153,J154,J155,K18,K19,K20,K21,K22,K23,K24,K25,K26,K27,K28,K29,K30,K31,K32,K33,K34,K35,K36,K37,K38,K39,K40,K41,K42,K43,K44,K45,K46,K47,K48,K49,K50,K51,K52,K53,K54,K55,K56,K57,K58,K59,K60,K103,K104,K105,K106,K107,K108,K109,K"
design0	B	18	/scratch/brussel/vo/000/bvo00014/vsc39230/slyb/out/rfd3_penta_2b_hotspotori_scr8_50056903/rfd3_penta_2b_compact_hotspotori_penta_2b_compact_hotspotori_5_model_0.cif.gz	C	0.087326	1.0	/scratch/brussel/vo/000/bvo00014/vsc39230/slyb/out/rfd3_penta_2b_hotspotori_scr8_50056903/rfd3_penta_2b_compact_hotspotori_penta_2b_compact_hotspotori_5_model_0.json	/scratch/brussel/vo/000/bvo00014/vsc39230/slyb/inputs/target_penta_soluble.pdb	"{""input"":""/scratch/brussel/vo/000/bvo00014/vsc39230/slyb/inputs/target_penta_soluble.pdb"",""contig"":""35-50,/0,35-50,/0,J18-60,J103-155,K18-60,K103-155,A18-60,A103-155,B18-60,B103-155,C18-60,C103-155"",""extra"":{""example"":""penta_2b_compact_hotspotori"",""task_name"":""rfd3_penta_2b_compact_hotspotori_penta_2b_compact_hotspotori"",""sampled_contig"":""44P,/0,38P,/0,J18,J19,J20,J21,J22,J23,J24,J25,J26,J27,J28,J29,J30,J31,J32,J33,J34,J35,J36,J37,J38,J39,J40,J41,J42,J43,J44,J45,J46,J47,J48,J49,J50,J51,J52,J53,J54,J55,J56,J57,J58,J59,J60,J103,J104,J105,J106,J107,J108,J109,J110,J111,J112,J113,J114,J115,J116,J117,J118,J119,J120,J121,J122,J123,J124,J125,J126,J127,J128,J129,J130,J131,J132,J133,J134,J135,J136,J137,J138,J139,J140,J141,J142,J143,J144,J145,J146,J147,J148,J149,J150,J151,J152,J153,J154,J155,K18,K19,K20,K21,K22,K23,K24,K25,K26,K27,K28,K29,K30,K31,K32,K33,K34,K35,K36,K37,K38,K39,K40,K41,K42,K43,K44,K45,K46,K47,K48,K49,K50,K51,K52,K53,K54,K55,K56,K57,K58,K59,K60,K103,K104,K105,K106,K107,K108,K109,K"
design0	B	19	/scratch/brussel/vo/000/bvo00014/vsc39230/slyb/out/rfd3_penta_2b_hotspotori_scr8_50056903/rfd3_penta_2b_compact_hotspotori_penta_2b_compact_hotspotori_6_model_0.cif.gz	C	0.087326	1.0	/scratch/brussel/vo/000/bvo00014/vsc39230/slyb/out/rfd3_penta_2b_hotspotori_scr8_50056903/rfd3_penta_2b_compact_hotspotori_penta_2b_compact_hotspotori_6_model_0.json	/scratch/brussel/vo/000/bvo00014/vsc39230/slyb/inputs/target_penta_soluble.pdb	"{""input"":""/scratch/brussel/vo/000/bvo00014/vsc39230/slyb/inputs/target_penta_soluble.pdb"",""contig"":""35-50,/0,35-50,/0,J18-60,J103-155,K18-60,K103-155,A18-60,A103-155,B18-60,B103-155,C18-60,C103-155"",""extra"":{""example"":""penta_2b_compact_hotspotori"",""task_name"":""rfd3_penta_2b_compact_hotspotori_penta_2b_compact_hotspotori"",""sampled_contig"":""41P,/0,39P,/0,J18,J19,J20,J21,J22,J23,J24,J25,J26,J27,J28,J29,J30,J31,J32,J33,J34,J35,J36,J37,J38,J39,J40,J41,J42,J43,J44,J45,J46,J47,J48,J49,J50,J51,J52,J53,J54,J55,J56,J57,J58,J59,J60,J103,J104,J105,J106,J107,J108,J109,J110,J111,J112,J113,J114,J115,J116,J117,J118,J119,J120,J121,J122,J123,J124,J125,J126,J127,J128,J129,J130,J131,J132,J133,J134,J135,J136,J137,J138,J139,J140,J141,J142,J143,J144,J145,J146,J147,J148,J149,J150,J151,J152,J153,J154,J155,K18,K19,K20,K21,K22,K23,K24,K25,K26,K27,K28,K29,K30,K31,K32,K33,K34,K35,K36,K37,K38,K39,K40,K41,K42,K43,K44,K45,K46,K47,K48,K49,K50,K51,K52,K53,K54,K55,K56,K57,K58,K59,K60,K103,K104,K105,K106,K107,K108,K109,K"
design0	B	20	/scratch/brussel/vo/000/bvo00014/vsc39230/slyb/out/rfd3_penta_2b_hotspotori_scr8_50056903/rfd3_penta_2b_compact_hotspotori_penta_2b_compact_hotspotori_7_model_0.cif.gz	C	0.087326	1.0	/scratch/brussel/vo/000/bvo00014/vsc39230/slyb/out/rfd3_penta_2b_hotspotori_scr8_50056903/rfd3_penta_2b_compact_hotspotori_penta_2b_compact_hotspotori_7_model_0.json	/scratch/brussel/vo/000/bvo00014/vsc39230/slyb/inputs/target_penta_soluble.pdb	"{""input"":""/scratch/brussel/vo/000/bvo00014/vsc39230/slyb/inputs/target_penta_soluble.pdb"",""contig"":""35-50,/0,35-50,/0,J18-60,J103-155,K18-60,K103-155,A18-60,A103-155,B18-60,B103-155,C18-60,C103-155"",""extra"":{""example"":""penta_2b_compact_hotspotori"",""task_name"":""rfd3_penta_2b_compact_hotspotori_penta_2b_compact_hotspotori"",""sampled_contig"":""41P,/0,45P,/0,J18,J19,J20,J21,J22,J23,J24,J25,J26,J27,J28,J29,J30,J31,J32,J33,J34,J35,J36,J37,J38,J39,J40,J41,J42,J43,J44,J45,J46,J47,J48,J49,J50,J51,J52,J53,J54,J55,J56,J57,J58,J59,J60,J103,J104,J105,J106,J107,J108,J109,J110,J111,J112,J113,J114,J115,J116,J117,J118,J119,J120,J121,J122,J123,J124,J125,J126,J127,J128,J129,J130,J131,J132,J133,J134,J135,J136,J137,J138,J139,J140,J141,J142,J143,J144,J145,J146,J147,J148,J149,J150,J151,J152,J153,J154,J155,K18,K19,K20,K21,K22,K23,K24,K25,K26,K27,K28,K29,K30,K31,K32,K33,K34,K35,K36,K37,K38,K39,K40,K41,K42,K43,K44,K45,K46,K47,K48,K49,K50,K51,K52,K53,K54,K55,K56,K57,K58,K59,K60,K103,K104,K105,K106,K107,K108,K109,K"
design1	A	1	/scratch/brussel/vo/000/bvo00014/vsc39230/slyb/out/rfd3_penta_single_36_52_hotspotori_scr8_50056908/rfd3_penta_single_36_52_hotspotori_penta_single_36_52_hotspotori_1_model_0.cif.gz	A	0.0	1.0	/scratch/brussel/vo/000/bvo00014/vsc39230/slyb/out/rfd3_penta_single_36_52_hotspotori_scr8_50056908/rfd3_penta_single_36_52_hotspotori_penta_single_36_52_hotspotori_1_model_0.json	/scratch/brussel/vo/000/bvo00014/vsc39230/slyb/inputs/target_penta_soluble.pdb	"{""input"":""/scratch/brussel/vo/000/bvo00014/vsc39230/slyb/inputs/target_penta_soluble.pdb"",""contig"":""36-52,/0,J18-60,J103-155,K18-60,K103-155,A18-60,A103-155,B18-60,B103-155,C18-60,C103-155"",""extra"":{""example"":""penta_single_36_52_hotspotori"",""task_name"":""rfd3_penta_single_36_52_hotspotori_penta_single_36_52_hotspotori"",""sampled_contig"":""37P,/0,J18,J19,J20,J21,J22,J23,J24,J25,J26,J27,J28,J29,J30,J31,J32,J33,J34,J35,J36,J37,J38,J39,J40,J41,J42,J43,J44,J45,J46,J47,J48,J49,J50,J51,J52,J53,J54,J55,J56,J57,J58,J59,J60,J103,J104,J105,J106,J107,J108,J109,J110,J111,J112,J113,J114,J115,J116,J117,J118,J119,J120,J121,J122,J123,J124,J125,J126,J127,J128,J129,J130,J131,J132,J133,J134,J135,J136,J137,J138,J139,J140,J141,J142,J143,J144,J145,J146,J147,J148,J149,J150,J151,J152,J153,J154,J155,K18,K19,K20,K21,K22,K23,K24,K25,K26,K27,K28,K29,K30,K31,K32,K33,K34,K35,K36,K37,K38,K39,K40,K41,K42,K43,K44,K45,K46,K47,K48,K49,K50,K51,K52,K53,K54,K55,K56,K57,K58,K59,K60,K103,K104,K105,K106,K107,K108,K109,K110,K111,K"
design1	A	2	/scratch/brussel/vo/000/bvo00014/vsc39230/slyb/out/rfd3_penta_2b_compact_T200_50056897/rfd3_penta_2b_compact_penta_2b_compact_0_model_0.cif.gz	B	8.520859	0.135135	/scratch/brussel/vo/000/bvo00014/vsc39230/slyb/out/rfd3_penta_2b_compact_T200_50056897/rfd3_penta_2b_compact_penta_2b_compact_0_model_0.json	/scratch/brussel/vo/000/bvo00014/vsc39230/slyb/inputs/target_penta_soluble.pdb	"{""input"":""/scratch/brussel/vo/000/bvo00014/vsc39230/slyb/inputs/target_penta_soluble.pdb"",""contig"":""35-50,/0,35-50,/0,J18-60,J103-155,K18-60,K103-155,A18-60,A103-155,B18-60,B103-155,C18-60,C103-155"",""extra"":{""example"":""penta_2b_compact"",""task_name"":""rfd3_penta_2b_compact_penta_2b_compact"",""sampled_contig"":""46P,/0,37P,/0,J18,J19,J20,J21,J22,J23,J24,J25,J26,J27,J28,J29,J30,J31,J32,J33,J34,J35,J36,J37,J38,J39,J40,J41,J42,J43,J44,J45,J46,J47,J48,J49,J50,J51,J52,J53,J54,J55,J56,J57,J58,J59,J60,J103,J104,J105,J106,J107,J108,J109,J110,J111,J112,J113,J114,J115,J116,J117,J118,J119,J120,J121,J122,J123,J124,J125,J126,J127,J128,J129,J130,J131,J132,J133,J134,J135,J136,J137,J138,J139,J140,J141,J142,J143,J144,J145,J146,J147,J148,J149,J150,J151,J152,J153,J154,J155,K18,K19,K20,K21,K22,K23,K24,K25,K26,K27,K28,K29,K30,K31,K32,K33,K34,K35,K36,K37,K38,K39,K40,K41,K42,K43,K44,K45,K46,K47,K48,K49,K50,K51,K52,K53,K54,K55,K56,K57,K58,K59,K60,K103,K104,K105,K106,K107,K108,K109,K110,K111,K112,K113,K114,K115,K116"
design1	B	1	/scratch/brussel/vo/000/bvo00014/vsc39230/slyb/out/rfd3_penta_single_36_52_hotspotori_T200_50056907/rfd3_penta_single_36_52_hotspotori_penta_single_36_52_hotspotori_0_model_0.cif.gz	B	0.0	1.0	/scratch/brussel/vo/000/bvo00014/vsc39230/slyb/out/rfd3_penta_single_36_52_hotspotori_T200_50056907/rfd3_penta_single_36_52_hotspotori_penta_single_36_52_hotspotori_0_model_0.json	/scratch/brussel/vo/000/bvo00014/vsc39230/slyb/inputs/target_penta_soluble.pdb	"{""input"":""/scratch/brussel/vo/000/bvo00014/vsc39230/slyb/inputs/target_penta_soluble.pdb"",""contig"":""36-52,/0,J18-60,J103-155,K18-60,K103-155,A18-60,A103-155,B18-60,B103-155,C18-60,C103-155"",""extra"":{""example"":""penta_single_36_52_hotspotori"",""task_name"":""rfd3_penta_single_36_52_hotspotori_penta_single_36_52_hotspotori"",""sampled_contig"":""39P,/0,J18,J19,J20,J21,J22,J23,J24,J25,J26,J27,J28,J29,J30,J31,J32,J33,J34,J35,J36,J37,J38,J39,J40,J41,J42,J43,J44,J45,J46,J47,J48,J49,J50,J51,J52,J53,J54,J55,J56,J57,J58,J59,J60,J103,J104,J105,J106,J107,J108,J109,J110,J111,J112,J113,J114,J115,J116,J117,J118,J119,J120,J121,J122,J123,J124,J125,J126,J127,J128,J129,J130,J131,J132,J133,J134,J135,J136,J137,J138,J139,J140,J141,J142,J143,J144,J145,J146,J147,J148,J149,J150,J151,J152,J153,J154,J155,K18,K19,K20,K21,K22,K23,K24,K25,K26,K27,K28,K29,K30,K31,K32,K33,K34,K35,K36,K37,K38,K39,K40,K41,K42,K43,K44,K45,K46,K47,K48,K49,K50,K51,K52,K53,K54,K55,K56,K57,K58,K59,K60,K103,K104,K105,K106,K107,K108,K109,K110,K111,K"
design1	B	2	/scratch/brussel/vo/000/bvo00014/vsc39230/slyb/out/rfd3_penta_single_36_52_hotspotori_T20_50056906/rfd3_penta_single_36_52_hotspotori_penta_single_36_52_hotspotori_0_model_0.cif.gz	B	0.0	1.0	/scratch/brussel/vo/000/bvo00014/vsc39230/slyb/out/rfd3_penta_single_36_52_hotspotori_T20_50056906/rfd3_penta_single_36_52_hotspotori_penta_single_36_52_hotspotori_0_model_0.json	/scratch/brussel/vo/000/bvo00014/vsc39230/slyb/inputs/target_penta_soluble.pdb	"{""input"":""/scratch/brussel/vo/000/bvo00014/vsc39230/slyb/inputs/target_penta_soluble.pdb"",""contig"":""36-52,/0,J18-60,J103-155,K18-60,K103-155,A18-60,A103-155,B18-60,B103-155,C18-60,C103-155"",""extra"":{""example"":""penta_single_36_52_hotspotori"",""task_name"":""rfd3_penta_single_36_52_hotspotori_penta_single_36_52_hotspotori"",""sampled_contig"":""40P,/0,J18,J19,J20,J21,J22,J23,J24,J25,J26,J27,J28,J29,J30,J31,J32,J33,J34,J35,J36,J37,J38,J39,J40,J41,J42,J43,J44,J45,J46,J47,J48,J49,J50,J51,J52,J53,J54,J55,J56,J57,J58,J59,J60,J103,J104,J105,J106,J107,J108,J109,J110,J111,J112,J113,J114,J115,J116,J117,J118,J119,J120,J121,J122,J123,J124,J125,J126,J127,J128,J129,J130,J131,J132,J133,J134,J135,J136,J137,J138,J139,J140,J141,J142,J143,J144,J145,J146,J147,J148,J149,J150,J151,J152,J153,J154,J155,K18,K19,K20,K21,K22,K23,K24,K25,K26,K27,K28,K29,K30,K31,K32,K33,K34,K35,K36,K37,K38,K39,K40,K41,K42,K43,K44,K45,K46,K47,K48,K49,K50,K51,K52,K53,K54,K55,K56,K57,K58,K59,K60,K103,K104,K105,K106,K107,K108,K109,K110,K111,K"
design1	B	3	/scratch/brussel/vo/000/bvo00014/vsc39230/slyb/out/rfd3_penta_single_36_52_hotspotori_scr8_50056908/rfd3_penta_single_36_52_hotspotori_penta_single_36_52_hotspotori_0_model_0.cif.gz	B	0.0	1.0	/scratch/brussel/vo/000/bvo00014/vsc39230/slyb/out/rfd3_penta_single_36_52_hotspotori_scr8_50056908/rfd3_penta_single_36_52_hotspotori_penta_single_36_52_hotspotori_0_model_0.json	/scratch/brussel/vo/000/bvo00014/vsc39230/slyb/inputs/target_penta_soluble.pdb	"{""input"":""/scratch/brussel/vo/000/bvo00014/vsc39230/slyb/inputs/target_penta_soluble.pdb"",""contig"":""36-52,/0,J18-60,J103-155,K18-60,K103-155,A18-60,A103-155,B18-60,B103-155,C18-60,C103-155"",""extra"":{""example"":""penta_single_36_52_hotspotori"",""task_name"":""rfd3_penta_single_36_52_hotspotori_penta_single_36_52_hotspotori"",""sampled_contig"":""50P,/0,J18,J19,J20,J21,J22,J23,J24,J25,J26,J27,J28,J29,J30,J31,J32,J33,J34,J35,J36,J37,J38,J39,J40,J41,J42,J43,J44,J45,J46,J47,J48,J49,J50,J51,J52,J53,J54,J55,J56,J57,J58,J59,J60,J103,J104,J105,J106,J107,J108,J109,J110,J111,J112,J113,J114,J115,J116,J117,J118,J119,J120,J121,J122,J123,J124,J125,J126,J127,J128,J129,J130,J131,J132,J133,J134,J135,J136,J137,J138,J139,J140,J141,J142,J143,J144,J145,J146,J147,J148,J149,J150,J151,J152,J153,J154,J155,K18,K19,K20,K21,K22,K23,K24,K25,K26,K27,K28,K29,K30,K31,K32,K33,K34,K35,K36,K37,K38,K39,K40,K41,K42,K43,K44,K45,K46,K47,K48,K49,K50,K51,K52,K53,K54,K55,K56,K57,K58,K59,K60,K103,K104,K105,K106,K107,K108,K109,K110,K111,K"
design1	B	4	/scratch/brussel/vo/000/bvo00014/vsc39230/slyb/out/rfd3_penta_single_36_52_hotspotori_scr8_50056908/rfd3_penta_single_36_52_hotspotori_penta_single_36_52_hotspotori_1_model_0.cif.gz	B	0.0	1.0	/scratch/brussel/vo/000/bvo00014/vsc39230/slyb/out/rfd3_penta_single_36_52_hotspotori_scr8_50056908/rfd3_penta_single_36_52_hotspotori_penta_single_36_52_hotspotori_1_model_0.json	/scratch/brussel/vo/000/bvo00014/vsc39230/slyb/inputs/target_penta_soluble.pdb	"{""input"":""/scratch/brussel/vo/000/bvo00014/vsc39230/slyb/inputs/target_penta_soluble.pdb"",""contig"":""36-52,/0,J18-60,J103-155,K18-60,K103-155,A18-60,A103-155,B18-60,B103-155,C18-60,C103-155"",""extra"":{""example"":""penta_single_36_52_hotspotori"",""task_name"":""rfd3_penta_single_36_52_hotspotori_penta_single_36_52_hotspotori"",""sampled_contig"":""37P,/0,J18,J19,J20,J21,J22,J23,J24,J25,J26,J27,J28,J29,J30,J31,J32,J33,J34,J35,J36,J37,J38,J39,J40,J41,J42,J43,J44,J45,J46,J47,J48,J49,J50,J51,J52,J53,J54,J55,J56,J57,J58,J59,J60,J103,J104,J105,J106,J107,J108,J109,J110,J111,J112,J113,J114,J115,J116,J117,J118,J119,J120,J121,J122,J123,J124,J125,J126,J127,J128,J129,J130,J131,J132,J133,J134,J135,J136,J137,J138,J139,J140,J141,J142,J143,J144,J145,J146,J147,J148,J149,J150,J151,J152,J153,J154,J155,K18,K19,K20,K21,K22,K23,K24,K25,K26,K27,K28,K29,K30,K31,K32,K33,K34,K35,K36,K37,K38,K39,K40,K41,K42,K43,K44,K45,K46,K47,K48,K49,K50,K51,K52,K53,K54,K55,K56,K57,K58,K59,K60,K103,K104,K105,K106,K107,K108,K109,K110,K111,K"
design1	B	5	/scratch/brussel/vo/000/bvo00014/vsc39230/slyb/out/rfd3_penta_single_36_52_hotspotori_scr8_50056908/rfd3_penta_single_36_52_hotspotori_penta_single_36_52_hotspotori_2_model_0.cif.gz	B	0.0	1.0	/scratch/brussel/vo/000/bvo00014/vsc39230/slyb/out/rfd3_penta_single_36_52_hotspotori_scr8_50056908/rfd3_penta_single_36_52_hotspotori_penta_single_36_52_hotspotori_2_model_0.json	/scratch/brussel/vo/000/bvo00014/vsc39230/slyb/inputs/target_penta_soluble.pdb	"{""input"":""/scratch/brussel/vo/000/bvo00014/vsc39230/slyb/inputs/target_penta_soluble.pdb"",""contig"":""36-52,/0,J18-60,J103-155,K18-60,K103-155,A18-60,A103-155,B18-60,B103-155,C18-60,C103-155"",""extra"":{""example"":""penta_single_36_52_hotspotori"",""task_name"":""rfd3_penta_single_36_52_hotspotori_penta_single_36_52_hotspotori"",""sampled_contig"":""51P,/0,J18,J19,J20,J21,J22,J23,J24,J25,J26,J27,J28,J29,J30,J31,J32,J33,J34,J35,J36,J37,J38,J39,J40,J41,J42,J43,J44,J45,J46,J47,J48,J49,J50,J51,J52,J53,J54,J55,J56,J57,J58,J59,J60,J103,J104,J105,J106,J107,J108,J109,J110,J111,J112,J113,J114,J115,J116,J117,J118,J119,J120,J121,J122,J123,J124,J125,J126,J127,J128,J129,J130,J131,J132,J133,J134,J135,J136,J137,J138,J139,J140,J141,J142,J143,J144,J145,J146,J147,J148,J149,J150,J151,J152,J153,J154,J155,K18,K19,K20,K21,K22,K23,K24,K25,K26,K27,K28,K29,K30,K31,K32,K33,K34,K35,K36,K37,K38,K39,K40,K41,K42,K43,K44,K45,K46,K47,K48,K49,K50,K51,K52,K53,K54,K55,K56,K57,K58,K59,K60,K103,K104,K105,K106,K107,K108,K109,K110,K111,K"
design1	B	6	/scratch/brussel/vo/000/bvo00014/vsc39230/slyb/out/rfd3_penta_single_36_52_hotspotori_scr8_50056908/rfd3_penta_single_36_52_hotspotori_penta_single_36_52_hotspotori_3_model_0.cif.gz	B	0.0	1.0	/scratch/brussel/vo/000/bvo00014/vsc39230/slyb/out/rfd3_penta_single_36_52_hotspotori_scr8_50056908/rfd3_penta_single_36_52_hotspotori_penta_single_36_52_hotspotori_3_model_0.json	/scratch/brussel/vo/000/bvo00014/vsc39230/slyb/inputs/target_penta_soluble.pdb	"{""input"":""/scratch/brussel/vo/000/bvo00014/vsc39230/slyb/inputs/target_penta_soluble.pdb"",""contig"":""36-52,/0,J18-60,J103-155,K18-60,K103-155,A18-60,A103-155,B18-60,B103-155,C18-60,C103-155"",""extra"":{""example"":""penta_single_36_52_hotspotori"",""task_name"":""rfd3_penta_single_36_52_hotspotori_penta_single_36_52_hotspotori"",""sampled_contig"":""38P,/0,J18,J19,J20,J21,J22,J23,J24,J25,J26,J27,J28,J29,J30,J31,J32,J33,J34,J35,J36,J37,J38,J39,J40,J41,J42,J43,J44,J45,J46,J47,J48,J49,J50,J51,J52,J53,J54,J55,J56,J57,J58,J59,J60,J103,J104,J105,J106,J107,J108,J109,J110,J111,J112,J113,J114,J115,J116,J117,J118,J119,J120,J121,J122,J123,J124,J125,J126,J127,J128,J129,J130,J131,J132,J133,J134,J135,J136,J137,J138,J139,J140,J141,J142,J143,J144,J145,J146,J147,J148,J149,J150,J151,J152,J153,J154,J155,K18,K19,K20,K21,K22,K23,K24,K25,K26,K27,K28,K29,K30,K31,K32,K33,K34,K35,K36,K37,K38,K39,K40,K41,K42,K43,K44,K45,K46,K47,K48,K49,K50,K51,K52,K53,K54,K55,K56,K57,K58,K59,K60,K103,K104,K105,K106,K107,K108,K109,K110,K111,K"
design1	B	7	/scratch/brussel/vo/000/bvo00014/vsc39230/slyb/out/rfd3_penta_single_36_52_hotspotori_scr8_50056908/rfd3_penta_single_36_52_hotspotori_penta_single_36_52_hotspotori_4_model_0.cif.gz	B	0.0	1.0	/scratch/brussel/vo/000/bvo00014/vsc39230/slyb/out/rfd3_penta_single_36_52_hotspotori_scr8_50056908/rfd3_penta_single_36_52_hotspotori_penta_single_36_52_hotspotori_4_model_0.json	/scratch/brussel/vo/000/bvo00014/vsc39230/slyb/inputs/target_penta_soluble.pdb	"{""input"":""/scratch/brussel/vo/000/bvo00014/vsc39230/slyb/inputs/target_penta_soluble.pdb"",""contig"":""36-52,/0,J18-60,J103-155,K18-60,K103-155,A18-60,A103-155,B18-60,B103-155,C18-60,C103-155"",""extra"":{""example"":""penta_single_36_52_hotspotori"",""task_name"":""rfd3_penta_single_36_52_hotspotori_penta_single_36_52_hotspotori"",""sampled_contig"":""40P,/0,J18,J19,J20,J21,J22,J23,J24,J25,J26,J27,J28,J29,J30,J31,J32,J33,J34,J35,J36,J37,J38,J39,J40,J41,J42,J43,J44,J45,J46,J47,J48,J49,J50,J51,J52,J53,J54,J55,J56,J57,J58,J59,J60,J103,J104,J105,J106,J107,J108,J109,J110,J111,J112,J113,J114,J115,J116,J117,J118,J119,J120,J121,J122,J123,J124,J125,J126,J127,J128,J129,J130,J131,J132,J133,J134,J135,J136,J137,J138,J139,J140,J141,J142,J143,J144,J145,J146,J147,J148,J149,J150,J151,J152,J153,J154,J155,K18,K19,K20,K21,K22,K23,K24,K25,K26,K27,K28,K29,K30,K31,K32,K33,K34,K35,K36,K37,K38,K39,K40,K41,K42,K43,K44,K45,K46,K47,K48,K49,K50,K51,K52,K53,K54,K55,K56,K57,K58,K59,K60,K103,K104,K105,K106,K107,K108,K109,K110,K111,K"
design1	B	8	/scratch/brussel/vo/000/bvo00014/vsc39230/slyb/out/rfd3_penta_single_36_52_hotspotori_scr8_50056908/rfd3_penta_single_36_52_hotspotori_penta_single_36_52_hotspotori_5_model_0.cif.gz	B	0.0	1.0	/scratch/brussel/vo/000/bvo00014/vsc39230/slyb/out/rfd3_penta_single_36_52_hotspotori_scr8_50056908/rfd3_penta_single_36_52_hotspotori_penta_single_36_52_hotspotori_5_model_0.json	/scratch/brussel/vo/000/bvo00014/vsc39230/slyb/inputs/target_penta_soluble.pdb	"{""input"":""/scratch/brussel/vo/000/bvo00014/vsc39230/slyb/inputs/target_penta_soluble.pdb"",""contig"":""36-52,/0,J18-60,J103-155,K18-60,K103-155,A18-60,A103-155,B18-60,B103-155,C18-60,C103-155"",""extra"":{""example"":""penta_single_36_52_hotspotori"",""task_name"":""rfd3_penta_single_36_52_hotspotori_penta_single_36_52_hotspotori"",""sampled_contig"":""51P,/0,J18,J19,J20,J21,J22,J23,J24,J25,J26,J27,J28,J29,J30,J31,J32,J33,J34,J35,J36,J37,J38,J39,J40,J41,J42,J43,J44,J45,J46,J47,J48,J49,J50,J51,J52,J53,J54,J55,J56,J57,J58,J59,J60,J103,J104,J105,J106,J107,J108,J109,J110,J111,J112,J113,J114,J115,J116,J117,J118,J119,J120,J121,J122,J123,J124,J125,J126,J127,J128,J129,J130,J131,J132,J133,J134,J135,J136,J137,J138,J139,J140,J141,J142,J143,J144,J145,J146,J147,J148,J149,J150,J151,J152,J153,J154,J155,K18,K19,K20,K21,K22,K23,K24,K25,K26,K27,K28,K29,K30,K31,K32,K33,K34,K35,K36,K37,K38,K39,K40,K41,K42,K43,K44,K45,K46,K47,K48,K49,K50,K51,K52,K53,K54,K55,K56,K57,K58,K59,K60,K103,K104,K105,K106,K107,K108,K109,K110,K111,K"
design1	B	9	/scratch/brussel/vo/000/bvo00014/vsc39230/slyb/out/rfd3_penta_single_36_52_hotspotori_scr8_50056908/rfd3_penta_single_36_52_hotspotori_penta_single_36_52_hotspotori_6_model_0.cif.gz	B	0.0	1.0	/scratch/brussel/vo/000/bvo00014/vsc39230/slyb/out/rfd3_penta_single_36_52_hotspotori_scr8_50056908/rfd3_penta_single_36_52_hotspotori_penta_single_36_52_hotspotori_6_model_0.json	/scratch/brussel/vo/000/bvo00014/vsc39230/slyb/inputs/target_penta_soluble.pdb	"{""input"":""/scratch/brussel/vo/000/bvo00014/vsc39230/slyb/inputs/target_penta_soluble.pdb"",""contig"":""36-52,/0,J18-60,J103-155,K18-60,K103-155,A18-60,A103-155,B18-60,B103-155,C18-60,C103-155"",""extra"":{""example"":""penta_single_36_52_hotspotori"",""task_name"":""rfd3_penta_single_36_52_hotspotori_penta_single_36_52_hotspotori"",""sampled_contig"":""38P,/0,J18,J19,J20,J21,J22,J23,J24,J25,J26,J27,J28,J29,J30,J31,J32,J33,J34,J35,J36,J37,J38,J39,J40,J41,J42,J43,J44,J45,J46,J47,J48,J49,J50,J51,J52,J53,J54,J55,J56,J57,J58,J59,J60,J103,J104,J105,J106,J107,J108,J109,J110,J111,J112,J113,J114,J115,J116,J117,J118,J119,J120,J121,J122,J123,J124,J125,J126,J127,J128,J129,J130,J131,J132,J133,J134,J135,J136,J137,J138,J139,J140,J141,J142,J143,J144,J145,J146,J147,J148,J149,J150,J151,J152,J153,J154,J155,K18,K19,K20,K21,K22,K23,K24,K25,K26,K27,K28,K29,K30,K31,K32,K33,K34,K35,K36,K37,K38,K39,K40,K41,K42,K43,K44,K45,K46,K47,K48,K49,K50,K51,K52,K53,K54,K55,K56,K57,K58,K59,K60,K103,K104,K105,K106,K107,K108,K109,K110,K111,K"
design1	B	10	/scratch/brussel/vo/000/bvo00014/vsc39230/slyb/out/rfd3_penta_single_36_52_hotspotori_scr8_50056908/rfd3_penta_single_36_52_hotspotori_penta_single_36_52_hotspotori_7_model_0.cif.gz	B	0.0	1.0	/scratch/brussel/vo/000/bvo00014/vsc39230/slyb/out/rfd3_penta_single_36_52_hotspotori_scr8_50056908/rfd3_penta_single_36_52_hotspotori_penta_single_36_52_hotspotori_7_model_0.json	/scratch/brussel/vo/000/bvo00014/vsc39230/slyb/inputs/target_penta_soluble.pdb	"{""input"":""/scratch/brussel/vo/000/bvo00014/vsc39230/slyb/inputs/target_penta_soluble.pdb"",""contig"":""36-52,/0,J18-60,J103-155,K18-60,K103-155,A18-60,A103-155,B18-60,B103-155,C18-60,C103-155"",""extra"":{""example"":""penta_single_36_52_hotspotori"",""task_name"":""rfd3_penta_single_36_52_hotspotori_penta_single_36_52_hotspotori"",""sampled_contig"":""39P,/0,J18,J19,J20,J21,J22,J23,J24,J25,J26,J27,J28,J29,J30,J31,J32,J33,J34,J35,J36,J37,J38,J39,J40,J41,J42,J43,J44,J45,J46,J47,J48,J49,J50,J51,J52,J53,J54,J55,J56,J57,J58,J59,J60,J103,J104,J105,J106,J107,J108,J109,J110,J111,J112,J113,J114,J115,J116,J117,J118,J119,J120,J121,J122,J123,J124,J125,J126,J127,J128,J129,J130,J131,J132,J133,J134,J135,J136,J137,J138,J139,J140,J141,J142,J143,J144,J145,J146,J147,J148,J149,J150,J151,J152,J153,J154,J155,K18,K19,K20,K21,K22,K23,K24,K25,K26,K27,K28,K29,K30,K31,K32,K33,K34,K35,K36,K37,K38,K39,K40,K41,K42,K43,K44,K45,K46,K47,K48,K49,K50,K51,K52,K53,K54,K55,K56,K57,K58,K59,K60,K103,K104,K105,K106,K107,K108,K109,K110,K111,K"
design1	B	11	/scratch/brussel/vo/000/bvo00014/vsc39230/slyb/out/rfd3_penta_2b_hotspotori_T200_50056901/rfd3_penta_2b_compact_hotspotori_penta_2b_compact_hotspotori_0_model_0.cif.gz	C	0.087326	1.0	/scratch/brussel/vo/000/bvo00014/vsc39230/slyb/out/rfd3_penta_2b_hotspotori_T200_50056901/rfd3_penta_2b_compact_hotspotori_penta_2b_compact_hotspotori_0_model_0.json	/scratch/brussel/vo/000/bvo00014/vsc39230/slyb/inputs/target_penta_soluble.pdb	"{""input"":""/scratch/brussel/vo/000/bvo00014/vsc39230/slyb/inputs/target_penta_soluble.pdb"",""contig"":""35-50,/0,35-50,/0,J18-60,J103-155,K18-60,K103-155,A18-60,A103-155,B18-60,B103-155,C18-60,C103-155"",""extra"":{""example"":""penta_2b_compact_hotspotori"",""task_name"":""rfd3_penta_2b_compact_hotspotori_penta_2b_compact_hotspotori"",""sampled_contig"":""36P,/0,39P,/0,J18,J19,J20,J21,J22,J23,J24,J25,J26,J27,J28,J29,J30,J31,J32,J33,J34,J35,J36,J37,J38,J39,J40,J41,J42,J43,J44,J45,J46,J47,J48,J49,J50,J51,J52,J53,J54,J55,J56,J57,J58,J59,J60,J103,J104,J105,J106,J107,J108,J109,J110,J111,J112,J113,J114,J115,J116,J117,J118,J119,J120,J121,J122,J123,J124,J125,J126,J127,J128,J129,J130,J131,J132,J133,J134,J135,J136,J137,J138,J139,J140,J141,J142,J143,J144,J145,J146,J147,J148,J149,J150,J151,J152,J153,J154,J155,K18,K19,K20,K21,K22,K23,K24,K25,K26,K27,K28,K29,K30,K31,K32,K33,K34,K35,K36,K37,K38,K39,K40,K41,K42,K43,K44,K45,K46,K47,K48,K49,K50,K51,K52,K53,K54,K55,K56,K57,K58,K59,K60,K103,K104,K105,K106,K107,K108,K109,K"
design1	B	12	/scratch/brussel/vo/000/bvo00014/vsc39230/slyb/out/rfd3_penta_2b_hotspotori_T20_50056900/rfd3_penta_2b_compact_hotspotori_penta_2b_compact_hotspotori_0_model_0.cif.gz	C	0.087326	1.0	/scratch/brussel/vo/000/bvo00014/vsc39230/slyb/out/rfd3_penta_2b_hotspotori_T20_50056900/rfd3_penta_2b_compact_hotspotori_penta_2b_compact_hotspotori_0_model_0.json	/scratch/brussel/vo/000/bvo00014/vsc39230/slyb/inputs/target_penta_soluble.pdb	"{""input"":""/scratch/brussel/vo/000/bvo00014/vsc39230/slyb/inputs/target_penta_soluble.pdb"",""contig"":""35-50,/0,35-50,/0,J18-60,J103-155,K18-60,K103-155,A18-60,A103-155,B18-60,B103-155,C18-60,C103-155"",""extra"":{""example"":""penta_2b_compact_hotspotori"",""task_name"":""rfd3_penta_2b_compact_hotspotori_penta_2b_compact_hotspotori"",""sampled_contig"":""50P,/0,49P,/0,J18,J19,J20,J21,J22,J23,J24,J25,J26,J27,J28,J29,J30,J31,J32,J33,J34,J35,J36,J37,J38,J39,J40,J41,J42,J43,J44,J45,J46,J47,J48,J49,J50,J51,J52,J53,J54,J55,J56,J57,J58,J59,J60,J103,J104,J105,J106,J107,J108,J109,J110,J111,J112,J113,J114,J115,J116,J117,J118,J119,J120,J121,J122,J123,J124,J125,J126,J127,J128,J129,J130,J131,J132,J133,J134,J135,J136,J137,J138,J139,J140,J141,J142,J143,J144,J145,J146,J147,J148,J149,J150,J151,J152,J153,J154,J155,K18,K19,K20,K21,K22,K23,K24,K25,K26,K27,K28,K29,K30,K31,K32,K33,K34,K35,K36,K37,K38,K39,K40,K41,K42,K43,K44,K45,K46,K47,K48,K49,K50,K51,K52,K53,K54,K55,K56,K57,K58,K59,K60,K103,K104,K105,K106,K107,K108,K109,K"
design1	B	13	/scratch/brussel/vo/000/bvo00014/vsc39230/slyb/out/rfd3_penta_2b_hotspotori_scr8_50056903/rfd3_penta_2b_compact_hotspotori_penta_2b_compact_hotspotori_0_model_0.cif.gz	C	0.087326	1.0	/scratch/brussel/vo/000/bvo00014/vsc39230/slyb/out/rfd3_penta_2b_hotspotori_scr8_50056903/rfd3_penta_2b_compact_hotspotori_penta_2b_compact_hotspotori_0_model_0.json	/scratch/brussel/vo/000/bvo00014/vsc39230/slyb/inputs/target_penta_soluble.pdb	"{""input"":""/scratch/brussel/vo/000/bvo00014/vsc39230/slyb/inputs/target_penta_soluble.pdb"",""contig"":""35-50,/0,35-50,/0,J18-60,J103-155,K18-60,K103-155,A18-60,A103-155,B18-60,B103-155,C18-60,C103-155"",""extra"":{""example"":""penta_2b_compact_hotspotori"",""task_name"":""rfd3_penta_2b_compact_hotspotori_penta_2b_compact_hotspotori"",""sampled_contig"":""50P,/0,35P,/0,J18,J19,J20,J21,J22,J23,J24,J25,J26,J27,J28,J29,J30,J31,J32,J33,J34,J35,J36,J37,J38,J39,J40,J41,J42,J43,J44,J45,J46,J47,J48,J49,J50,J51,J52,J53,J54,J55,J56,J57,J58,J59,J60,J103,J104,J105,J106,J107,J108,J109,J110,J111,J112,J113,J114,J115,J116,J117,J118,J119,J120,J121,J122,J123,J124,J125,J126,J127,J128,J129,J130,J131,J132,J133,J134,J135,J136,J137,J138,J139,J140,J141,J142,J143,J144,J145,J146,J147,J148,J149,J150,J151,J152,J153,J154,J155,K18,K19,K20,K21,K22,K23,K24,K25,K26,K27,K28,K29,K30,K31,K32,K33,K34,K35,K36,K37,K38,K39,K40,K41,K42,K43,K44,K45,K46,K47,K48,K49,K50,K51,K52,K53,K54,K55,K56,K57,K58,K59,K60,K103,K104,K105,K106,K107,K108,K109,K"
design1	B	14	/scratch/brussel/vo/000/bvo00014/vsc39230/slyb/out/rfd3_penta_2b_hotspotori_scr8_50056903/rfd3_penta_2b_compact_hotspotori_penta_2b_compact_hotspotori_1_model_0.cif.gz	C	0.087326	1.0	/scratch/brussel/vo/000/bvo00014/vsc39230/slyb/out/rfd3_penta_2b_hotspotori_scr8_50056903/rfd3_penta_2b_compact_hotspotori_penta_2b_compact_hotspotori_1_model_0.json	/scratch/brussel/vo/000/bvo00014/vsc39230/slyb/inputs/target_penta_soluble.pdb	"{""input"":""/scratch/brussel/vo/000/bvo00014/vsc39230/slyb/inputs/target_penta_soluble.pdb"",""contig"":""35-50,/0,35-50,/0,J18-60,J103-155,K18-60,K103-155,A18-60,A103-155,B18-60,B103-155,C18-60,C103-155"",""extra"":{""example"":""penta_2b_compact_hotspotori"",""task_name"":""rfd3_penta_2b_compact_hotspotori_penta_2b_compact_hotspotori"",""sampled_contig"":""49P,/0,41P,/0,J18,J19,J20,J21,J22,J23,J24,J25,J26,J27,J28,J29,J30,J31,J32,J33,J34,J35,J36,J37,J38,J39,J40,J41,J42,J43,J44,J45,J46,J47,J48,J49,J50,J51,J52,J53,J54,J55,J56,J57,J58,J59,J60,J103,J104,J105,J106,J107,J108,J109,J110,J111,J112,J113,J114,J115,J116,J117,J118,J119,J120,J121,J122,J123,J124,J125,J126,J127,J128,J129,J130,J131,J132,J133,J134,J135,J136,J137,J138,J139,J140,J141,J142,J143,J144,J145,J146,J147,J148,J149,J150,J151,J152,J153,J154,J155,K18,K19,K20,K21,K22,K23,K24,K25,K26,K27,K28,K29,K30,K31,K32,K33,K34,K35,K36,K37,K38,K39,K40,K41,K42,K43,K44,K45,K46,K47,K48,K49,K50,K51,K52,K53,K54,K55,K56,K57,K58,K59,K60,K103,K104,K105,K106,K107,K108,K109,K"
design1	B	15	/scratch/brussel/vo/000/bvo00014/vsc39230/slyb/out/rfd3_penta_2b_hotspotori_scr8_50056903/rfd3_penta_2b_compact_hotspotori_penta_2b_compact_hotspotori_2_model_0.cif.gz	C	0.087326	1.0	/scratch/brussel/vo/000/bvo00014/vsc39230/slyb/out/rfd3_penta_2b_hotspotori_scr8_50056903/rfd3_penta_2b_compact_hotspotori_penta_2b_compact_hotspotori_2_model_0.json	/scratch/brussel/vo/000/bvo00014/vsc39230/slyb/inputs/target_penta_soluble.pdb	"{""input"":""/scratch/brussel/vo/000/bvo00014/vsc39230/slyb/inputs/target_penta_soluble.pdb"",""contig"":""35-50,/0,35-50,/0,J18-60,J103-155,K18-60,K103-155,A18-60,A103-155,B18-60,B103-155,C18-60,C103-155"",""extra"":{""example"":""penta_2b_compact_hotspotori"",""task_name"":""rfd3_penta_2b_compact_hotspotori_penta_2b_compact_hotspotori"",""sampled_contig"":""49P,/0,35P,/0,J18,J19,J20,J21,J22,J23,J24,J25,J26,J27,J28,J29,J30,J31,J32,J33,J34,J35,J36,J37,J38,J39,J40,J41,J42,J43,J44,J45,J46,J47,J48,J49,J50,J51,J52,J53,J54,J55,J56,J57,J58,J59,J60,J103,J104,J105,J106,J107,J108,J109,J110,J111,J112,J113,J114,J115,J116,J117,J118,J119,J120,J121,J122,J123,J124,J125,J126,J127,J128,J129,J130,J131,J132,J133,J134,J135,J136,J137,J138,J139,J140,J141,J142,J143,J144,J145,J146,J147,J148,J149,J150,J151,J152,J153,J154,J155,K18,K19,K20,K21,K22,K23,K24,K25,K26,K27,K28,K29,K30,K31,K32,K33,K34,K35,K36,K37,K38,K39,K40,K41,K42,K43,K44,K45,K46,K47,K48,K49,K50,K51,K52,K53,K54,K55,K56,K57,K58,K59,K60,K103,K104,K105,K106,K107,K108,K109,K"
design1	B	16	/scratch/brussel/vo/000/bvo00014/vsc39230/slyb/out/rfd3_penta_2b_hotspotori_scr8_50056903/rfd3_penta_2b_compact_hotspotori_penta_2b_compact_hotspotori_3_model_0.cif.gz	C	0.087326	1.0	/scratch/brussel/vo/000/bvo00014/vsc39230/slyb/out/rfd3_penta_2b_hotspotori_scr8_50056903/rfd3_penta_2b_compact_hotspotori_penta_2b_compact_hotspotori_3_model_0.json	/scratch/brussel/vo/000/bvo00014/vsc39230/slyb/inputs/target_penta_soluble.pdb	"{""input"":""/scratch/brussel/vo/000/bvo00014/vsc39230/slyb/inputs/target_penta_soluble.pdb"",""contig"":""35-50,/0,35-50,/0,J18-60,J103-155,K18-60,K103-155,A18-60,A103-155,B18-60,B103-155,C18-60,C103-155"",""extra"":{""example"":""penta_2b_compact_hotspotori"",""task_name"":""rfd3_penta_2b_compact_hotspotori_penta_2b_compact_hotspotori"",""sampled_contig"":""40P,/0,35P,/0,J18,J19,J20,J21,J22,J23,J24,J25,J26,J27,J28,J29,J30,J31,J32,J33,J34,J35,J36,J37,J38,J39,J40,J41,J42,J43,J44,J45,J46,J47,J48,J49,J50,J51,J52,J53,J54,J55,J56,J57,J58,J59,J60,J103,J104,J105,J106,J107,J108,J109,J110,J111,J112,J113,J114,J115,J116,J117,J118,J119,J120,J121,J122,J123,J124,J125,J126,J127,J128,J129,J130,J131,J132,J133,J134,J135,J136,J137,J138,J139,J140,J141,J142,J143,J144,J145,J146,J147,J148,J149,J150,J151,J152,J153,J154,J155,K18,K19,K20,K21,K22,K23,K24,K25,K26,K27,K28,K29,K30,K31,K32,K33,K34,K35,K36,K37,K38,K39,K40,K41,K42,K43,K44,K45,K46,K47,K48,K49,K50,K51,K52,K53,K54,K55,K56,K57,K58,K59,K60,K103,K104,K105,K106,K107,K108,K109,K"
design1	B	17	/scratch/brussel/vo/000/bvo00014/vsc39230/slyb/out/rfd3_penta_2b_hotspotori_scr8_50056903/rfd3_penta_2b_compact_hotspotori_penta_2b_compact_hotspotori_4_model_0.cif.gz	C	0.087326	1.0	/scratch/brussel/vo/000/bvo00014/vsc39230/slyb/out/rfd3_penta_2b_hotspotori_scr8_50056903/rfd3_penta_2b_compact_hotspotori_penta_2b_compact_hotspotori_4_model_0.json	/scratch/brussel/vo/000/bvo00014/vsc39230/slyb/inputs/target_penta_soluble.pdb	"{""input"":""/scratch/brussel/vo/000/bvo00014/vsc39230/slyb/inputs/target_penta_soluble.pdb"",""contig"":""35-50,/0,35-50,/0,J18-60,J103-155,K18-60,K103-155,A18-60,A103-155,B18-60,B103-155,C18-60,C103-155"",""extra"":{""example"":""penta_2b_compact_hotspotori"",""task_name"":""rfd3_penta_2b_compact_hotspotori_penta_2b_compact_hotspotori"",""sampled_contig"":""48P,/0,38P,/0,J18,J19,J20,J21,J22,J23,J24,J25,J26,J27,J28,J29,J30,J31,J32,J33,J34,J35,J36,J37,J38,J39,J40,J41,J42,J43,J44,J45,J46,J47,J48,J49,J50,J51,J52,J53,J54,J55,J56,J57,J58,J59,J60,J103,J104,J105,J106,J107,J108,J109,J110,J111,J112,J113,J114,J115,J116,J117,J118,J119,J120,J121,J122,J123,J124,J125,J126,J127,J128,J129,J130,J131,J132,J133,J134,J135,J136,J137,J138,J139,J140,J141,J142,J143,J144,J145,J146,J147,J148,J149,J150,J151,J152,J153,J154,J155,K18,K19,K20,K21,K22,K23,K24,K25,K26,K27,K28,K29,K30,K31,K32,K33,K34,K35,K36,K37,K38,K39,K40,K41,K42,K43,K44,K45,K46,K47,K48,K49,K50,K51,K52,K53,K54,K55,K56,K57,K58,K59,K60,K103,K104,K105,K106,K107,K108,K109,K"
design1	B	18	/scratch/brussel/vo/000/bvo00014/vsc39230/slyb/out/rfd3_penta_2b_hotspotori_scr8_50056903/rfd3_penta_2b_compact_hotspotori_penta_2b_compact_hotspotori_5_model_0.cif.gz	C	0.087326	1.0	/scratch/brussel/vo/000/bvo00014/vsc39230/slyb/out/rfd3_penta_2b_hotspotori_scr8_50056903/rfd3_penta_2b_compact_hotspotori_penta_2b_compact_hotspotori_5_model_0.json	/scratch/brussel/vo/000/bvo00014/vsc39230/slyb/inputs/target_penta_soluble.pdb	"{""input"":""/scratch/brussel/vo/000/bvo00014/vsc39230/slyb/inputs/target_penta_soluble.pdb"",""contig"":""35-50,/0,35-50,/0,J18-60,J103-155,K18-60,K103-155,A18-60,A103-155,B18-60,B103-155,C18-60,C103-155"",""extra"":{""example"":""penta_2b_compact_hotspotori"",""task_name"":""rfd3_penta_2b_compact_hotspotori_penta_2b_compact_hotspotori"",""sampled_contig"":""44P,/0,38P,/0,J18,J19,J20,J21,J22,J23,J24,J25,J26,J27,J28,J29,J30,J31,J32,J33,J34,J35,J36,J37,J38,J39,J40,J41,J42,J43,J44,J45,J46,J47,J48,J49,J50,J51,J52,J53,J54,J55,J56,J57,J58,J59,J60,J103,J104,J105,J106,J107,J108,J109,J110,J111,J112,J113,J114,J115,J116,J117,J118,J119,J120,J121,J122,J123,J124,J125,J126,J127,J128,J129,J130,J131,J132,J133,J134,J135,J136,J137,J138,J139,J140,J141,J142,J143,J144,J145,J146,J147,J148,J149,J150,J151,J152,J153,J154,J155,K18,K19,K20,K21,K22,K23,K24,K25,K26,K27,K28,K29,K30,K31,K32,K33,K34,K35,K36,K37,K38,K39,K40,K41,K42,K43,K44,K45,K46,K47,K48,K49,K50,K51,K52,K53,K54,K55,K56,K57,K58,K59,K60,K103,K104,K105,K106,K107,K108,K109,K"
design1	B	19	/scratch/brussel/vo/000/bvo00014/vsc39230/slyb/out/rfd3_penta_2b_hotspotori_scr8_50056903/rfd3_penta_2b_compact_hotspotori_penta_2b_compact_hotspotori_6_model_0.cif.gz	C	0.087326	1.0	/scratch/brussel/vo/000/bvo00014/vsc39230/slyb/out/rfd3_penta_2b_hotspotori_scr8_50056903/rfd3_penta_2b_compact_hotspotori_penta_2b_compact_hotspotori_6_model_0.json	/scratch/brussel/vo/000/bvo00014/vsc39230/slyb/inputs/target_penta_soluble.pdb	"{""input"":""/scratch/brussel/vo/000/bvo00014/vsc39230/slyb/inputs/target_penta_soluble.pdb"",""contig"":""35-50,/0,35-50,/0,J18-60,J103-155,K18-60,K103-155,A18-60,A103-155,B18-60,B103-155,C18-60,C103-155"",""extra"":{""example"":""penta_2b_compact_hotspotori"",""task_name"":""rfd3_penta_2b_compact_hotspotori_penta_2b_compact_hotspotori"",""sampled_contig"":""41P,/0,39P,/0,J18,J19,J20,J21,J22,J23,J24,J25,J26,J27,J28,J29,J30,J31,J32,J33,J34,J35,J36,J37,J38,J39,J40,J41,J42,J43,J44,J45,J46,J47,J48,J49,J50,J51,J52,J53,J54,J55,J56,J57,J58,J59,J60,J103,J104,J105,J106,J107,J108,J109,J110,J111,J112,J113,J114,J115,J116,J117,J118,J119,J120,J121,J122,J123,J124,J125,J126,J127,J128,J129,J130,J131,J132,J133,J134,J135,J136,J137,J138,J139,J140,J141,J142,J143,J144,J145,J146,J147,J148,J149,J150,J151,J152,J153,J154,J155,K18,K19,K20,K21,K22,K23,K24,K25,K26,K27,K28,K29,K30,K31,K32,K33,K34,K35,K36,K37,K38,K39,K40,K41,K42,K43,K44,K45,K46,K47,K48,K49,K50,K51,K52,K53,K54,K55,K56,K57,K58,K59,K60,K103,K104,K105,K106,K107,K108,K109,K"
design1	B	20	/scratch/brussel/vo/000/bvo00014/vsc39230/slyb/out/rfd3_penta_2b_hotspotori_scr8_50056903/rfd3_penta_2b_compact_hotspotori_penta_2b_compact_hotspotori_7_model_0.cif.gz	C	0.087326	1.0	/scratch/brussel/vo/000/bvo00014/vsc39230/slyb/out/rfd3_penta_2b_hotspotori_scr8_50056903/rfd3_penta_2b_compact_hotspotori_penta_2b_compact_hotspotori_7_model_0.json	/scratch/brussel/vo/000/bvo00014/vsc39230/slyb/inputs/target_penta_soluble.pdb	"{""input"":""/scratch/brussel/vo/000/bvo00014/vsc39230/slyb/inputs/target_penta_soluble.pdb"",""contig"":""35-50,/0,35-50,/0,J18-60,J103-155,K18-60,K103-155,A18-60,A103-155,B18-60,B103-155,C18-60,C103-155"",""extra"":{""example"":""penta_2b_compact_hotspotori"",""task_name"":""rfd3_penta_2b_compact_hotspotori_penta_2b_compact_hotspotori"",""sampled_contig"":""41P,/0,45P,/0,J18,J19,J20,J21,J22,J23,J24,J25,J26,J27,J28,J29,J30,J31,J32,J33,J34,J35,J36,J37,J38,J39,J40,J41,J42,J43,J44,J45,J46,J47,J48,J49,J50,J51,J52,J53,J54,J55,J56,J57,J58,J59,J60,J103,J104,J105,J106,J107,J108,J109,J110,J111,J112,J113,J114,J115,J116,J117,J118,J119,J120,J121,J122,J123,J124,J125,J126,J127,J128,J129,J130,J131,J132,J133,J134,J135,J136,J137,J138,J139,J140,J141,J142,J143,J144,J145,J146,J147,J148,J149,J150,J151,J152,J153,J154,J155,K18,K19,K20,K21,K22,K23,K24,K25,K26,K27,K28,K29,K30,K31,K32,K33,K34,K35,K36,K37,K38,K39,K40,K41,K42,K43,K44,K45,K46,K47,K48,K49,K50,K51,K52,K53,K54,K55,K56,K57,K58,K59,K60,K103,K104,K105,K106,K107,K108,K109,K"
design2	A	1	/scratch/brussel/vo/000/bvo00014/vsc39230/slyb/out/rfd3_penta_single_36_52_hotspotori_scr8_50056908/rfd3_penta_single_36_52_hotspotori_penta_single_36_52_hotspotori_2_model_0.cif.gz	A	0.0	1.0	/scratch/brussel/vo/000/bvo00014/vsc39230/slyb/out/rfd3_penta_single_36_52_hotspotori_scr8_50056908/rfd3_penta_single_36_52_hotspotori_penta_single_36_52_hotspotori_2_model_0.json	/scratch/brussel/vo/000/bvo00014/vsc39230/slyb/inputs/target_penta_soluble.pdb	"{""input"":""/scratch/brussel/vo/000/bvo00014/vsc39230/slyb/inputs/target_penta_soluble.pdb"",""contig"":""36-52,/0,J18-60,J103-155,K18-60,K103-155,A18-60,A103-155,B18-60,B103-155,C18-60,C103-155"",""extra"":{""example"":""penta_single_36_52_hotspotori"",""task_name"":""rfd3_penta_single_36_52_hotspotori_penta_single_36_52_hotspotori"",""sampled_contig"":""51P,/0,J18,J19,J20,J21,J22,J23,J24,J25,J26,J27,J28,J29,J30,J31,J32,J33,J34,J35,J36,J37,J38,J39,J40,J41,J42,J43,J44,J45,J46,J47,J48,J49,J50,J51,J52,J53,J54,J55,J56,J57,J58,J59,J60,J103,J104,J105,J106,J107,J108,J109,J110,J111,J112,J113,J114,J115,J116,J117,J118,J119,J120,J121,J122,J123,J124,J125,J126,J127,J128,J129,J130,J131,J132,J133,J134,J135,J136,J137,J138,J139,J140,J141,J142,J143,J144,J145,J146,J147,J148,J149,J150,J151,J152,J153,J154,J155,K18,K19,K20,K21,K22,K23,K24,K25,K26,K27,K28,K29,K30,K31,K32,K33,K34,K35,K36,K37,K38,K39,K40,K41,K42,K43,K44,K45,K46,K47,K48,K49,K50,K51,K52,K53,K54,K55,K56,K57,K58,K59,K60,K103,K104,K105,K106,K107,K108,K109,K110,K111,K"
design2	A	2	/scratch/brussel/vo/000/bvo00014/vsc39230/slyb/out/rfd3_penta_single_36_52_hotspotori_scr8_50056908/rfd3_penta_single_36_52_hotspotori_penta_single_36_52_hotspotori_5_model_0.cif.gz	A	10.533079	0.098039	/scratch/brussel/vo/000/bvo00014/vsc39230/slyb/out/rfd3_penta_single_36_52_hotspotori_scr8_50056908/rfd3_penta_single_36_52_hotspotori_penta_single_36_52_hotspotori_5_model_0.json	/scratch/brussel/vo/000/bvo00014/vsc39230/slyb/inputs/target_penta_soluble.pdb	"{""input"":""/scratch/brussel/vo/000/bvo00014/vsc39230/slyb/inputs/target_penta_soluble.pdb"",""contig"":""36-52,/0,J18-60,J103-155,K18-60,K103-155,A18-60,A103-155,B18-60,B103-155,C18-60,C103-155"",""extra"":{""example"":""penta_single_36_52_hotspotori"",""task_name"":""rfd3_penta_single_36_52_hotspotori_penta_single_36_52_hotspotori"",""sampled_contig"":""51P,/0,J18,J19,J20,J21,J22,J23,J24,J25,J26,J27,J28,J29,J30,J31,J32,J33,J34,J35,J36,J37,J38,J39,J40,J41,J42,J43,J44,J45,J46,J47,J48,J49,J50,J51,J52,J53,J54,J55,J56,J57,J58,J59,J60,J103,J104,J105,J106,J107,J108,J109,J110,J111,J112,J113,J114,J115,J116,J117,J118,J119,J120,J121,J122,J123,J124,J125,J126,J127,J128,J129,J130,J131,J132,J133,J134,J135,J136,J137,J138,J139,J140,J141,J142,J143,J144,J145,J146,J147,J148,J149,J150,J151,J152,J153,J154,J155,K18,K19,K20,K21,K22,K23,K24,K25,K26,K27,K28,K29,K30,K31,K32,K33,K34,K35,K36,K37,K38,K39,K40,K41,K42,K43,K44,K45,K46,K47,K48,K49,K50,K51,K52,K53,K54,K55,K56,K57,K58,K59,K60,K103,K104,K105,K106,K107,K108,K109,K110,K111,K"
design2	B	1	/scratch/brussel/vo/000/bvo00014/vsc39230/slyb/out/rfd3_penta_single_36_52_hotspotori_T200_50056907/rfd3_penta_single_36_52_hotspotori_penta_single_36_52_hotspotori_0_model_0.cif.gz	B	0.0	1.0	/scratch/brussel/vo/000/bvo00014/vsc39230/slyb/out/rfd3_penta_single_36_52_hotspotori_T200_50056907/rfd3_penta_single_36_52_hotspotori_penta_single_36_52_hotspotori_0_model_0.json	/scratch/brussel/vo/000/bvo00014/vsc39230/slyb/inputs/target_penta_soluble.pdb	"{""input"":""/scratch/brussel/vo/000/bvo00014/vsc39230/slyb/inputs/target_penta_soluble.pdb"",""contig"":""36-52,/0,J18-60,J103-155,K18-60,K103-155,A18-60,A103-155,B18-60,B103-155,C18-60,C103-155"",""extra"":{""example"":""penta_single_36_52_hotspotori"",""task_name"":""rfd3_penta_single_36_52_hotspotori_penta_single_36_52_hotspotori"",""sampled_contig"":""39P,/0,J18,J19,J20,J21,J22,J23,J24,J25,J26,J27,J28,J29,J30,J31,J32,J33,J34,J35,J36,J37,J38,J39,J40,J41,J42,J43,J44,J45,J46,J47,J48,J49,J50,J51,J52,J53,J54,J55,J56,J57,J58,J59,J60,J103,J104,J105,J106,J107,J108,J109,J110,J111,J112,J113,J114,J115,J116,J117,J118,J119,J120,J121,J122,J123,J124,J125,J126,J127,J128,J129,J130,J131,J132,J133,J134,J135,J136,J137,J138,J139,J140,J141,J142,J143,J144,J145,J146,J147,J148,J149,J150,J151,J152,J153,J154,J155,K18,K19,K20,K21,K22,K23,K24,K25,K26,K27,K28,K29,K30,K31,K32,K33,K34,K35,K36,K37,K38,K39,K40,K41,K42,K43,K44,K45,K46,K47,K48,K49,K50,K51,K52,K53,K54,K55,K56,K57,K58,K59,K60,K103,K104,K105,K106,K107,K108,K109,K110,K111,K"
design2	B	2	/scratch/brussel/vo/000/bvo00014/vsc39230/slyb/out/rfd3_penta_single_36_52_hotspotori_T20_50056906/rfd3_penta_single_36_52_hotspotori_penta_single_36_52_hotspotori_0_model_0.cif.gz	B	0.0	1.0	/scratch/brussel/vo/000/bvo00014/vsc39230/slyb/out/rfd3_penta_single_36_52_hotspotori_T20_50056906/rfd3_penta_single_36_52_hotspotori_penta_single_36_52_hotspotori_0_model_0.json	/scratch/brussel/vo/000/bvo00014/vsc39230/slyb/inputs/target_penta_soluble.pdb	"{""input"":""/scratch/brussel/vo/000/bvo00014/vsc39230/slyb/inputs/target_penta_soluble.pdb"",""contig"":""36-52,/0,J18-60,J103-155,K18-60,K103-155,A18-60,A103-155,B18-60,B103-155,C18-60,C103-155"",""extra"":{""example"":""penta_single_36_52_hotspotori"",""task_name"":""rfd3_penta_single_36_52_hotspotori_penta_single_36_52_hotspotori"",""sampled_contig"":""40P,/0,J18,J19,J20,J21,J22,J23,J24,J25,J26,J27,J28,J29,J30,J31,J32,J33,J34,J35,J36,J37,J38,J39,J40,J41,J42,J43,J44,J45,J46,J47,J48,J49,J50,J51,J52,J53,J54,J55,J56,J57,J58,J59,J60,J103,J104,J105,J106,J107,J108,J109,J110,J111,J112,J113,J114,J115,J116,J117,J118,J119,J120,J121,J122,J123,J124,J125,J126,J127,J128,J129,J130,J131,J132,J133,J134,J135,J136,J137,J138,J139,J140,J141,J142,J143,J144,J145,J146,J147,J148,J149,J150,J151,J152,J153,J154,J155,K18,K19,K20,K21,K22,K23,K24,K25,K26,K27,K28,K29,K30,K31,K32,K33,K34,K35,K36,K37,K38,K39,K40,K41,K42,K43,K44,K45,K46,K47,K48,K49,K50,K51,K52,K53,K54,K55,K56,K57,K58,K59,K60,K103,K104,K105,K106,K107,K108,K109,K110,K111,K"
design2	B	3	/scratch/brussel/vo/000/bvo00014/vsc39230/slyb/out/rfd3_penta_single_36_52_hotspotori_scr8_50056908/rfd3_penta_single_36_52_hotspotori_penta_single_36_52_hotspotori_0_model_0.cif.gz	B	0.0	1.0	/scratch/brussel/vo/000/bvo00014/vsc39230/slyb/out/rfd3_penta_single_36_52_hotspotori_scr8_50056908/rfd3_penta_single_36_52_hotspotori_penta_single_36_52_hotspotori_0_model_0.json	/scratch/brussel/vo/000/bvo00014/vsc39230/slyb/inputs/target_penta_soluble.pdb	"{""input"":""/scratch/brussel/vo/000/bvo00014/vsc39230/slyb/inputs/target_penta_soluble.pdb"",""contig"":""36-52,/0,J18-60,J103-155,K18-60,K103-155,A18-60,A103-155,B18-60,B103-155,C18-60,C103-155"",""extra"":{""example"":""penta_single_36_52_hotspotori"",""task_name"":""rfd3_penta_single_36_52_hotspotori_penta_single_36_52_hotspotori"",""sampled_contig"":""50P,/0,J18,J19,J20,J21,J22,J23,J24,J25,J26,J27,J28,J29,J30,J31,J32,J33,J34,J35,J36,J37,J38,J39,J40,J41,J42,J43,J44,J45,J46,J47,J48,J49,J50,J51,J52,J53,J54,J55,J56,J57,J58,J59,J60,J103,J104,J105,J106,J107,J108,J109,J110,J111,J112,J113,J114,J115,J116,J117,J118,J119,J120,J121,J122,J123,J124,J125,J126,J127,J128,J129,J130,J131,J132,J133,J134,J135,J136,J137,J138,J139,J140,J141,J142,J143,J144,J145,J146,J147,J148,J149,J150,J151,J152,J153,J154,J155,K18,K19,K20,K21,K22,K23,K24,K25,K26,K27,K28,K29,K30,K31,K32,K33,K34,K35,K36,K37,K38,K39,K40,K41,K42,K43,K44,K45,K46,K47,K48,K49,K50,K51,K52,K53,K54,K55,K56,K57,K58,K59,K60,K103,K104,K105,K106,K107,K108,K109,K110,K111,K"
design2	B	4	/scratch/brussel/vo/000/bvo00014/vsc39230/slyb/out/rfd3_penta_single_36_52_hotspotori_scr8_50056908/rfd3_penta_single_36_52_hotspotori_penta_single_36_52_hotspotori_1_model_0.cif.gz	B	0.0	1.0	/scratch/brussel/vo/000/bvo00014/vsc39230/slyb/out/rfd3_penta_single_36_52_hotspotori_scr8_50056908/rfd3_penta_single_36_52_hotspotori_penta_single_36_52_hotspotori_1_model_0.json	/scratch/brussel/vo/000/bvo00014/vsc39230/slyb/inputs/target_penta_soluble.pdb	"{""input"":""/scratch/brussel/vo/000/bvo00014/vsc39230/slyb/inputs/target_penta_soluble.pdb"",""contig"":""36-52,/0,J18-60,J103-155,K18-60,K103-155,A18-60,A103-155,B18-60,B103-155,C18-60,C103-155"",""extra"":{""example"":""penta_single_36_52_hotspotori"",""task_name"":""rfd3_penta_single_36_52_hotspotori_penta_single_36_52_hotspotori"",""sampled_contig"":""37P,/0,J18,J19,J20,J21,J22,J23,J24,J25,J26,J27,J28,J29,J30,J31,J32,J33,J34,J35,J36,J37,J38,J39,J40,J41,J42,J43,J44,J45,J46,J47,J48,J49,J50,J51,J52,J53,J54,J55,J56,J57,J58,J59,J60,J103,J104,J105,J106,J107,J108,J109,J110,J111,J112,J113,J114,J115,J116,J117,J118,J119,J120,J121,J122,J123,J124,J125,J126,J127,J128,J129,J130,J131,J132,J133,J134,J135,J136,J137,J138,J139,J140,J141,J142,J143,J144,J145,J146,J147,J148,J149,J150,J151,J152,J153,J154,J155,K18,K19,K20,K21,K22,K23,K24,K25,K26,K27,K28,K29,K30,K31,K32,K33,K34,K35,K36,K37,K38,K39,K40,K41,K42,K43,K44,K45,K46,K47,K48,K49,K50,K51,K52,K53,K54,K55,K56,K57,K58,K59,K60,K103,K104,K105,K106,K107,K108,K109,K110,K111,K"
design2	B	5	/scratch/brussel/vo/000/bvo00014/vsc39230/slyb/out/rfd3_penta_single_36_52_hotspotori_scr8_50056908/rfd3_penta_single_36_52_hotspotori_penta_single_36_52_hotspotori_2_model_0.cif.gz	B	0.0	1.0	/scratch/brussel/vo/000/bvo00014/vsc39230/slyb/out/rfd3_penta_single_36_52_hotspotori_scr8_50056908/rfd3_penta_single_36_52_hotspotori_penta_single_36_52_hotspotori_2_model_0.json	/scratch/brussel/vo/000/bvo00014/vsc39230/slyb/inputs/target_penta_soluble.pdb	"{""input"":""/scratch/brussel/vo/000/bvo00014/vsc39230/slyb/inputs/target_penta_soluble.pdb"",""contig"":""36-52,/0,J18-60,J103-155,K18-60,K103-155,A18-60,A103-155,B18-60,B103-155,C18-60,C103-155"",""extra"":{""example"":""penta_single_36_52_hotspotori"",""task_name"":""rfd3_penta_single_36_52_hotspotori_penta_single_36_52_hotspotori"",""sampled_contig"":""51P,/0,J18,J19,J20,J21,J22,J23,J24,J25,J26,J27,J28,J29,J30,J31,J32,J33,J34,J35,J36,J37,J38,J39,J40,J41,J42,J43,J44,J45,J46,J47,J48,J49,J50,J51,J52,J53,J54,J55,J56,J57,J58,J59,J60,J103,J104,J105,J106,J107,J108,J109,J110,J111,J112,J113,J114,J115,J116,J117,J118,J119,J120,J121,J122,J123,J124,J125,J126,J127,J128,J129,J130,J131,J132,J133,J134,J135,J136,J137,J138,J139,J140,J141,J142,J143,J144,J145,J146,J147,J148,J149,J150,J151,J152,J153,J154,J155,K18,K19,K20,K21,K22,K23,K24,K25,K26,K27,K28,K29,K30,K31,K32,K33,K34,K35,K36,K37,K38,K39,K40,K41,K42,K43,K44,K45,K46,K47,K48,K49,K50,K51,K52,K53,K54,K55,K56,K57,K58,K59,K60,K103,K104,K105,K106,K107,K108,K109,K110,K111,K"
design2	B	6	/scratch/brussel/vo/000/bvo00014/vsc39230/slyb/out/rfd3_penta_single_36_52_hotspotori_scr8_50056908/rfd3_penta_single_36_52_hotspotori_penta_single_36_52_hotspotori_3_model_0.cif.gz	B	0.0	1.0	/scratch/brussel/vo/000/bvo00014/vsc39230/slyb/out/rfd3_penta_single_36_52_hotspotori_scr8_50056908/rfd3_penta_single_36_52_hotspotori_penta_single_36_52_hotspotori_3_model_0.json	/scratch/brussel/vo/000/bvo00014/vsc39230/slyb/inputs/target_penta_soluble.pdb	"{""input"":""/scratch/brussel/vo/000/bvo00014/vsc39230/slyb/inputs/target_penta_soluble.pdb"",""contig"":""36-52,/0,J18-60,J103-155,K18-60,K103-155,A18-60,A103-155,B18-60,B103-155,C18-60,C103-155"",""extra"":{""example"":""penta_single_36_52_hotspotori"",""task_name"":""rfd3_penta_single_36_52_hotspotori_penta_single_36_52_hotspotori"",""sampled_contig"":""38P,/0,J18,J19,J20,J21,J22,J23,J24,J25,J26,J27,J28,J29,J30,J31,J32,J33,J34,J35,J36,J37,J38,J39,J40,J41,J42,J43,J44,J45,J46,J47,J48,J49,J50,J51,J52,J53,J54,J55,J56,J57,J58,J59,J60,J103,J104,J105,J106,J107,J108,J109,J110,J111,J112,J113,J114,J115,J116,J117,J118,J119,J120,J121,J122,J123,J124,J125,J126,J127,J128,J129,J130,J131,J132,J133,J134,J135,J136,J137,J138,J139,J140,J141,J142,J143,J144,J145,J146,J147,J148,J149,J150,J151,J152,J153,J154,J155,K18,K19,K20,K21,K22,K23,K24,K25,K26,K27,K28,K29,K30,K31,K32,K33,K34,K35,K36,K37,K38,K39,K40,K41,K42,K43,K44,K45,K46,K47,K48,K49,K50,K51,K52,K53,K54,K55,K56,K57,K58,K59,K60,K103,K104,K105,K106,K107,K108,K109,K110,K111,K"
design2	B	7	/scratch/brussel/vo/000/bvo00014/vsc39230/slyb/out/rfd3_penta_single_36_52_hotspotori_scr8_50056908/rfd3_penta_single_36_52_hotspotori_penta_single_36_52_hotspotori_4_model_0.cif.gz	B	0.0	1.0	/scratch/brussel/vo/000/bvo00014/vsc39230/slyb/out/rfd3_penta_single_36_52_hotspotori_scr8_50056908/rfd3_penta_single_36_52_hotspotori_penta_single_36_52_hotspotori_4_model_0.json	/scratch/brussel/vo/000/bvo00014/vsc39230/slyb/inputs/target_penta_soluble.pdb	"{""input"":""/scratch/brussel/vo/000/bvo00014/vsc39230/slyb/inputs/target_penta_soluble.pdb"",""contig"":""36-52,/0,J18-60,J103-155,K18-60,K103-155,A18-60,A103-155,B18-60,B103-155,C18-60,C103-155"",""extra"":{""example"":""penta_single_36_52_hotspotori"",""task_name"":""rfd3_penta_single_36_52_hotspotori_penta_single_36_52_hotspotori"",""sampled_contig"":""40P,/0,J18,J19,J20,J21,J22,J23,J24,J25,J26,J27,J28,J29,J30,J31,J32,J33,J34,J35,J36,J37,J38,J39,J40,J41,J42,J43,J44,J45,J46,J47,J48,J49,J50,J51,J52,J53,J54,J55,J56,J57,J58,J59,J60,J103,J104,J105,J106,J107,J108,J109,J110,J111,J112,J113,J114,J115,J116,J117,J118,J119,J120,J121,J122,J123,J124,J125,J126,J127,J128,J129,J130,J131,J132,J133,J134,J135,J136,J137,J138,J139,J140,J141,J142,J143,J144,J145,J146,J147,J148,J149,J150,J151,J152,J153,J154,J155,K18,K19,K20,K21,K22,K23,K24,K25,K26,K27,K28,K29,K30,K31,K32,K33,K34,K35,K36,K37,K38,K39,K40,K41,K42,K43,K44,K45,K46,K47,K48,K49,K50,K51,K52,K53,K54,K55,K56,K57,K58,K59,K60,K103,K104,K105,K106,K107,K108,K109,K110,K111,K"
design2	B	8	/scratch/brussel/vo/000/bvo00014/vsc39230/slyb/out/rfd3_penta_single_36_52_hotspotori_scr8_50056908/rfd3_penta_single_36_52_hotspotori_penta_single_36_52_hotspotori_5_model_0.cif.gz	B	0.0	1.0	/scratch/brussel/vo/000/bvo00014/vsc39230/slyb/out/rfd3_penta_single_36_52_hotspotori_scr8_50056908/rfd3_penta_single_36_52_hotspotori_penta_single_36_52_hotspotori_5_model_0.json	/scratch/brussel/vo/000/bvo00014/vsc39230/slyb/inputs/target_penta_soluble.pdb	"{""input"":""/scratch/brussel/vo/000/bvo00014/vsc39230/slyb/inputs/target_penta_soluble.pdb"",""contig"":""36-52,/0,J18-60,J103-155,K18-60,K103-155,A18-60,A103-155,B18-60,B103-155,C18-60,C103-155"",""extra"":{""example"":""penta_single_36_52_hotspotori"",""task_name"":""rfd3_penta_single_36_52_hotspotori_penta_single_36_52_hotspotori"",""sampled_contig"":""51P,/0,J18,J19,J20,J21,J22,J23,J24,J25,J26,J27,J28,J29,J30,J31,J32,J33,J34,J35,J36,J37,J38,J39,J40,J41,J42,J43,J44,J45,J46,J47,J48,J49,J50,J51,J52,J53,J54,J55,J56,J57,J58,J59,J60,J103,J104,J105,J106,J107,J108,J109,J110,J111,J112,J113,J114,J115,J116,J117,J118,J119,J120,J121,J122,J123,J124,J125,J126,J127,J128,J129,J130,J131,J132,J133,J134,J135,J136,J137,J138,J139,J140,J141,J142,J143,J144,J145,J146,J147,J148,J149,J150,J151,J152,J153,J154,J155,K18,K19,K20,K21,K22,K23,K24,K25,K26,K27,K28,K29,K30,K31,K32,K33,K34,K35,K36,K37,K38,K39,K40,K41,K42,K43,K44,K45,K46,K47,K48,K49,K50,K51,K52,K53,K54,K55,K56,K57,K58,K59,K60,K103,K104,K105,K106,K107,K108,K109,K110,K111,K"
design2	B	9	/scratch/brussel/vo/000/bvo00014/vsc39230/slyb/out/rfd3_penta_single_36_52_hotspotori_scr8_50056908/rfd3_penta_single_36_52_hotspotori_penta_single_36_52_hotspotori_6_model_0.cif.gz	B	0.0	1.0	/scratch/brussel/vo/000/bvo00014/vsc39230/slyb/out/rfd3_penta_single_36_52_hotspotori_scr8_50056908/rfd3_penta_single_36_52_hotspotori_penta_single_36_52_hotspotori_6_model_0.json	/scratch/brussel/vo/000/bvo00014/vsc39230/slyb/inputs/target_penta_soluble.pdb	"{""input"":""/scratch/brussel/vo/000/bvo00014/vsc39230/slyb/inputs/target_penta_soluble.pdb"",""contig"":""36-52,/0,J18-60,J103-155,K18-60,K103-155,A18-60,A103-155,B18-60,B103-155,C18-60,C103-155"",""extra"":{""example"":""penta_single_36_52_hotspotori"",""task_name"":""rfd3_penta_single_36_52_hotspotori_penta_single_36_52_hotspotori"",""sampled_contig"":""38P,/0,J18,J19,J20,J21,J22,J23,J24,J25,J26,J27,J28,J29,J30,J31,J32,J33,J34,J35,J36,J37,J38,J39,J40,J41,J42,J43,J44,J45,J46,J47,J48,J49,J50,J51,J52,J53,J54,J55,J56,J57,J58,J59,J60,J103,J104,J105,J106,J107,J108,J109,J110,J111,J112,J113,J114,J115,J116,J117,J118,J119,J120,J121,J122,J123,J124,J125,J126,J127,J128,J129,J130,J131,J132,J133,J134,J135,J136,J137,J138,J139,J140,J141,J142,J143,J144,J145,J146,J147,J148,J149,J150,J151,J152,J153,J154,J155,K18,K19,K20,K21,K22,K23,K24,K25,K26,K27,K28,K29,K30,K31,K32,K33,K34,K35,K36,K37,K38,K39,K40,K41,K42,K43,K44,K45,K46,K47,K48,K49,K50,K51,K52,K53,K54,K55,K56,K57,K58,K59,K60,K103,K104,K105,K106,K107,K108,K109,K110,K111,K"
design2	B	10	/scratch/brussel/vo/000/bvo00014/vsc39230/slyb/out/rfd3_penta_single_36_52_hotspotori_scr8_50056908/rfd3_penta_single_36_52_hotspotori_penta_single_36_52_hotspotori_7_model_0.cif.gz	B	0.0	1.0	/scratch/brussel/vo/000/bvo00014/vsc39230/slyb/out/rfd3_penta_single_36_52_hotspotori_scr8_50056908/rfd3_penta_single_36_52_hotspotori_penta_single_36_52_hotspotori_7_model_0.json	/scratch/brussel/vo/000/bvo00014/vsc39230/slyb/inputs/target_penta_soluble.pdb	"{""input"":""/scratch/brussel/vo/000/bvo00014/vsc39230/slyb/inputs/target_penta_soluble.pdb"",""contig"":""36-52,/0,J18-60,J103-155,K18-60,K103-155,A18-60,A103-155,B18-60,B103-155,C18-60,C103-155"",""extra"":{""example"":""penta_single_36_52_hotspotori"",""task_name"":""rfd3_penta_single_36_52_hotspotori_penta_single_36_52_hotspotori"",""sampled_contig"":""39P,/0,J18,J19,J20,J21,J22,J23,J24,J25,J26,J27,J28,J29,J30,J31,J32,J33,J34,J35,J36,J37,J38,J39,J40,J41,J42,J43,J44,J45,J46,J47,J48,J49,J50,J51,J52,J53,J54,J55,J56,J57,J58,J59,J60,J103,J104,J105,J106,J107,J108,J109,J110,J111,J112,J113,J114,J115,J116,J117,J118,J119,J120,J121,J122,J123,J124,J125,J126,J127,J128,J129,J130,J131,J132,J133,J134,J135,J136,J137,J138,J139,J140,J141,J142,J143,J144,J145,J146,J147,J148,J149,J150,J151,J152,J153,J154,J155,K18,K19,K20,K21,K22,K23,K24,K25,K26,K27,K28,K29,K30,K31,K32,K33,K34,K35,K36,K37,K38,K39,K40,K41,K42,K43,K44,K45,K46,K47,K48,K49,K50,K51,K52,K53,K54,K55,K56,K57,K58,K59,K60,K103,K104,K105,K106,K107,K108,K109,K110,K111,K"
design2	B	11	/scratch/brussel/vo/000/bvo00014/vsc39230/slyb/out/rfd3_penta_2b_hotspotori_T200_50056901/rfd3_penta_2b_compact_hotspotori_penta_2b_compact_hotspotori_0_model_0.cif.gz	C	0.087326	1.0	/scratch/brussel/vo/000/bvo00014/vsc39230/slyb/out/rfd3_penta_2b_hotspotori_T200_50056901/rfd3_penta_2b_compact_hotspotori_penta_2b_compact_hotspotori_0_model_0.json	/scratch/brussel/vo/000/bvo00014/vsc39230/slyb/inputs/target_penta_soluble.pdb	"{""input"":""/scratch/brussel/vo/000/bvo00014/vsc39230/slyb/inputs/target_penta_soluble.pdb"",""contig"":""35-50,/0,35-50,/0,J18-60,J103-155,K18-60,K103-155,A18-60,A103-155,B18-60,B103-155,C18-60,C103-155"",""extra"":{""example"":""penta_2b_compact_hotspotori"",""task_name"":""rfd3_penta_2b_compact_hotspotori_penta_2b_compact_hotspotori"",""sampled_contig"":""36P,/0,39P,/0,J18,J19,J20,J21,J22,J23,J24,J25,J26,J27,J28,J29,J30,J31,J32,J33,J34,J35,J36,J37,J38,J39,J40,J41,J42,J43,J44,J45,J46,J47,J48,J49,J50,J51,J52,J53,J54,J55,J56,J57,J58,J59,J60,J103,J104,J105,J106,J107,J108,J109,J110,J111,J112,J113,J114,J115,J116,J117,J118,J119,J120,J121,J122,J123,J124,J125,J126,J127,J128,J129,J130,J131,J132,J133,J134,J135,J136,J137,J138,J139,J140,J141,J142,J143,J144,J145,J146,J147,J148,J149,J150,J151,J152,J153,J154,J155,K18,K19,K20,K21,K22,K23,K24,K25,K26,K27,K28,K29,K30,K31,K32,K33,K34,K35,K36,K37,K38,K39,K40,K41,K42,K43,K44,K45,K46,K47,K48,K49,K50,K51,K52,K53,K54,K55,K56,K57,K58,K59,K60,K103,K104,K105,K106,K107,K108,K109,K"
design2	B	12	/scratch/brussel/vo/000/bvo00014/vsc39230/slyb/out/rfd3_penta_2b_hotspotori_T20_50056900/rfd3_penta_2b_compact_hotspotori_penta_2b_compact_hotspotori_0_model_0.cif.gz	C	0.087326	1.0	/scratch/brussel/vo/000/bvo00014/vsc39230/slyb/out/rfd3_penta_2b_hotspotori_T20_50056900/rfd3_penta_2b_compact_hotspotori_penta_2b_compact_hotspotori_0_model_0.json	/scratch/brussel/vo/000/bvo00014/vsc39230/slyb/inputs/target_penta_soluble.pdb	"{""input"":""/scratch/brussel/vo/000/bvo00014/vsc39230/slyb/inputs/target_penta_soluble.pdb"",""contig"":""35-50,/0,35-50,/0,J18-60,J103-155,K18-60,K103-155,A18-60,A103-155,B18-60,B103-155,C18-60,C103-155"",""extra"":{""example"":""penta_2b_compact_hotspotori"",""task_name"":""rfd3_penta_2b_compact_hotspotori_penta_2b_compact_hotspotori"",""sampled_contig"":""50P,/0,49P,/0,J18,J19,J20,J21,J22,J23,J24,J25,J26,J27,J28,J29,J30,J31,J32,J33,J34,J35,J36,J37,J38,J39,J40,J41,J42,J43,J44,J45,J46,J47,J48,J49,J50,J51,J52,J53,J54,J55,J56,J57,J58,J59,J60,J103,J104,J105,J106,J107,J108,J109,J110,J111,J112,J113,J114,J115,J116,J117,J118,J119,J120,J121,J122,J123,J124,J125,J126,J127,J128,J129,J130,J131,J132,J133,J134,J135,J136,J137,J138,J139,J140,J141,J142,J143,J144,J145,J146,J147,J148,J149,J150,J151,J152,J153,J154,J155,K18,K19,K20,K21,K22,K23,K24,K25,K26,K27,K28,K29,K30,K31,K32,K33,K34,K35,K36,K37,K38,K39,K40,K41,K42,K43,K44,K45,K46,K47,K48,K49,K50,K51,K52,K53,K54,K55,K56,K57,K58,K59,K60,K103,K104,K105,K106,K107,K108,K109,K"
design2	B	13	/scratch/brussel/vo/000/bvo00014/vsc39230/slyb/out/rfd3_penta_2b_hotspotori_scr8_50056903/rfd3_penta_2b_compact_hotspotori_penta_2b_compact_hotspotori_0_model_0.cif.gz	C	0.087326	1.0	/scratch/brussel/vo/000/bvo00014/vsc39230/slyb/out/rfd3_penta_2b_hotspotori_scr8_50056903/rfd3_penta_2b_compact_hotspotori_penta_2b_compact_hotspotori_0_model_0.json	/scratch/brussel/vo/000/bvo00014/vsc39230/slyb/inputs/target_penta_soluble.pdb	"{""input"":""/scratch/brussel/vo/000/bvo00014/vsc39230/slyb/inputs/target_penta_soluble.pdb"",""contig"":""35-50,/0,35-50,/0,J18-60,J103-155,K18-60,K103-155,A18-60,A103-155,B18-60,B103-155,C18-60,C103-155"",""extra"":{""example"":""penta_2b_compact_hotspotori"",""task_name"":""rfd3_penta_2b_compact_hotspotori_penta_2b_compact_hotspotori"",""sampled_contig"":""50P,/0,35P,/0,J18,J19,J20,J21,J22,J23,J24,J25,J26,J27,J28,J29,J30,J31,J32,J33,J34,J35,J36,J37,J38,J39,J40,J41,J42,J43,J44,J45,J46,J47,J48,J49,J50,J51,J52,J53,J54,J55,J56,J57,J58,J59,J60,J103,J104,J105,J106,J107,J108,J109,J110,J111,J112,J113,J114,J115,J116,J117,J118,J119,J120,J121,J122,J123,J124,J125,J126,J127,J128,J129,J130,J131,J132,J133,J134,J135,J136,J137,J138,J139,J140,J141,J142,J143,J144,J145,J146,J147,J148,J149,J150,J151,J152,J153,J154,J155,K18,K19,K20,K21,K22,K23,K24,K25,K26,K27,K28,K29,K30,K31,K32,K33,K34,K35,K36,K37,K38,K39,K40,K41,K42,K43,K44,K45,K46,K47,K48,K49,K50,K51,K52,K53,K54,K55,K56,K57,K58,K59,K60,K103,K104,K105,K106,K107,K108,K109,K"
design2	B	14	/scratch/brussel/vo/000/bvo00014/vsc39230/slyb/out/rfd3_penta_2b_hotspotori_scr8_50056903/rfd3_penta_2b_compact_hotspotori_penta_2b_compact_hotspotori_1_model_0.cif.gz	C	0.087326	1.0	/scratch/brussel/vo/000/bvo00014/vsc39230/slyb/out/rfd3_penta_2b_hotspotori_scr8_50056903/rfd3_penta_2b_compact_hotspotori_penta_2b_compact_hotspotori_1_model_0.json	/scratch/brussel/vo/000/bvo00014/vsc39230/slyb/inputs/target_penta_soluble.pdb	"{""input"":""/scratch/brussel/vo/000/bvo00014/vsc39230/slyb/inputs/target_penta_soluble.pdb"",""contig"":""35-50,/0,35-50,/0,J18-60,J103-155,K18-60,K103-155,A18-60,A103-155,B18-60,B103-155,C18-60,C103-155"",""extra"":{""example"":""penta_2b_compact_hotspotori"",""task_name"":""rfd3_penta_2b_compact_hotspotori_penta_2b_compact_hotspotori"",""sampled_contig"":""49P,/0,41P,/0,J18,J19,J20,J21,J22,J23,J24,J25,J26,J27,J28,J29,J30,J31,J32,J33,J34,J35,J36,J37,J38,J39,J40,J41,J42,J43,J44,J45,J46,J47,J48,J49,J50,J51,J52,J53,J54,J55,J56,J57,J58,J59,J60,J103,J104,J105,J106,J107,J108,J109,J110,J111,J112,J113,J114,J115,J116,J117,J118,J119,J120,J121,J122,J123,J124,J125,J126,J127,J128,J129,J130,J131,J132,J133,J134,J135,J136,J137,J138,J139,J140,J141,J142,J143,J144,J145,J146,J147,J148,J149,J150,J151,J152,J153,J154,J155,K18,K19,K20,K21,K22,K23,K24,K25,K26,K27,K28,K29,K30,K31,K32,K33,K34,K35,K36,K37,K38,K39,K40,K41,K42,K43,K44,K45,K46,K47,K48,K49,K50,K51,K52,K53,K54,K55,K56,K57,K58,K59,K60,K103,K104,K105,K106,K107,K108,K109,K"
design2	B	15	/scratch/brussel/vo/000/bvo00014/vsc39230/slyb/out/rfd3_penta_2b_hotspotori_scr8_50056903/rfd3_penta_2b_compact_hotspotori_penta_2b_compact_hotspotori_2_model_0.cif.gz	C	0.087326	1.0	/scratch/brussel/vo/000/bvo00014/vsc39230/slyb/out/rfd3_penta_2b_hotspotori_scr8_50056903/rfd3_penta_2b_compact_hotspotori_penta_2b_compact_hotspotori_2_model_0.json	/scratch/brussel/vo/000/bvo00014/vsc39230/slyb/inputs/target_penta_soluble.pdb	"{""input"":""/scratch/brussel/vo/000/bvo00014/vsc39230/slyb/inputs/target_penta_soluble.pdb"",""contig"":""35-50,/0,35-50,/0,J18-60,J103-155,K18-60,K103-155,A18-60,A103-155,B18-60,B103-155,C18-60,C103-155"",""extra"":{""example"":""penta_2b_compact_hotspotori"",""task_name"":""rfd3_penta_2b_compact_hotspotori_penta_2b_compact_hotspotori"",""sampled_contig"":""49P,/0,35P,/0,J18,J19,J20,J21,J22,J23,J24,J25,J26,J27,J28,J29,J30,J31,J32,J33,J34,J35,J36,J37,J38,J39,J40,J41,J42,J43,J44,J45,J46,J47,J48,J49,J50,J51,J52,J53,J54,J55,J56,J57,J58,J59,J60,J103,J104,J105,J106,J107,J108,J109,J110,J111,J112,J113,J114,J115,J116,J117,J118,J119,J120,J121,J122,J123,J124,J125,J126,J127,J128,J129,J130,J131,J132,J133,J134,J135,J136,J137,J138,J139,J140,J141,J142,J143,J144,J145,J146,J147,J148,J149,J150,J151,J152,J153,J154,J155,K18,K19,K20,K21,K22,K23,K24,K25,K26,K27,K28,K29,K30,K31,K32,K33,K34,K35,K36,K37,K38,K39,K40,K41,K42,K43,K44,K45,K46,K47,K48,K49,K50,K51,K52,K53,K54,K55,K56,K57,K58,K59,K60,K103,K104,K105,K106,K107,K108,K109,K"
design2	B	16	/scratch/brussel/vo/000/bvo00014/vsc39230/slyb/out/rfd3_penta_2b_hotspotori_scr8_50056903/rfd3_penta_2b_compact_hotspotori_penta_2b_compact_hotspotori_3_model_0.cif.gz	C	0.087326	1.0	/scratch/brussel/vo/000/bvo00014/vsc39230/slyb/out/rfd3_penta_2b_hotspotori_scr8_50056903/rfd3_penta_2b_compact_hotspotori_penta_2b_compact_hotspotori_3_model_0.json	/scratch/brussel/vo/000/bvo00014/vsc39230/slyb/inputs/target_penta_soluble.pdb	"{""input"":""/scratch/brussel/vo/000/bvo00014/vsc39230/slyb/inputs/target_penta_soluble.pdb"",""contig"":""35-50,/0,35-50,/0,J18-60,J103-155,K18-60,K103-155,A18-60,A103-155,B18-60,B103-155,C18-60,C103-155"",""extra"":{""example"":""penta_2b_compact_hotspotori"",""task_name"":""rfd3_penta_2b_compact_hotspotori_penta_2b_compact_hotspotori"",""sampled_contig"":""40P,/0,35P,/0,J18,J19,J20,J21,J22,J23,J24,J25,J26,J27,J28,J29,J30,J31,J32,J33,J34,J35,J36,J37,J38,J39,J40,J41,J42,J43,J44,J45,J46,J47,J48,J49,J50,J51,J52,J53,J54,J55,J56,J57,J58,J59,J60,J103,J104,J105,J106,J107,J108,J109,J110,J111,J112,J113,J114,J115,J116,J117,J118,J119,J120,J121,J122,J123,J124,J125,J126,J127,J128,J129,J130,J131,J132,J133,J134,J135,J136,J137,J138,J139,J140,J141,J142,J143,J144,J145,J146,J147,J148,J149,J150,J151,J152,J153,J154,J155,K18,K19,K20,K21,K22,K23,K24,K25,K26,K27,K28,K29,K30,K31,K32,K33,K34,K35,K36,K37,K38,K39,K40,K41,K42,K43,K44,K45,K46,K47,K48,K49,K50,K51,K52,K53,K54,K55,K56,K57,K58,K59,K60,K103,K104,K105,K106,K107,K108,K109,K"
design2	B	17	/scratch/brussel/vo/000/bvo00014/vsc39230/slyb/out/rfd3_penta_2b_hotspotori_scr8_50056903/rfd3_penta_2b_compact_hotspotori_penta_2b_compact_hotspotori_4_model_0.cif.gz	C	0.087326	1.0	/scratch/brussel/vo/000/bvo00014/vsc39230/slyb/out/rfd3_penta_2b_hotspotori_scr8_50056903/rfd3_penta_2b_compact_hotspotori_penta_2b_compact_hotspotori_4_model_0.json	/scratch/brussel/vo/000/bvo00014/vsc39230/slyb/inputs/target_penta_soluble.pdb	"{""input"":""/scratch/brussel/vo/000/bvo00014/vsc39230/slyb/inputs/target_penta_soluble.pdb"",""contig"":""35-50,/0,35-50,/0,J18-60,J103-155,K18-60,K103-155,A18-60,A103-155,B18-60,B103-155,C18-60,C103-155"",""extra"":{""example"":""penta_2b_compact_hotspotori"",""task_name"":""rfd3_penta_2b_compact_hotspotori_penta_2b_compact_hotspotori"",""sampled_contig"":""48P,/0,38P,/0,J18,J19,J20,J21,J22,J23,J24,J25,J26,J27,J28,J29,J30,J31,J32,J33,J34,J35,J36,J37,J38,J39,J40,J41,J42,J43,J44,J45,J46,J47,J48,J49,J50,J51,J52,J53,J54,J55,J56,J57,J58,J59,J60,J103,J104,J105,J106,J107,J108,J109,J110,J111,J112,J113,J114,J115,J116,J117,J118,J119,J120,J121,J122,J123,J124,J125,J126,J127,J128,J129,J130,J131,J132,J133,J134,J135,J136,J137,J138,J139,J140,J141,J142,J143,J144,J145,J146,J147,J148,J149,J150,J151,J152,J153,J154,J155,K18,K19,K20,K21,K22,K23,K24,K25,K26,K27,K28,K29,K30,K31,K32,K33,K34,K35,K36,K37,K38,K39,K40,K41,K42,K43,K44,K45,K46,K47,K48,K49,K50,K51,K52,K53,K54,K55,K56,K57,K58,K59,K60,K103,K104,K105,K106,K107,K108,K109,K"
design2	B	18	/scratch/brussel/vo/000/bvo00014/vsc39230/slyb/out/rfd3_penta_2b_hotspotori_scr8_50056903/rfd3_penta_2b_compact_hotspotori_penta_2b_compact_hotspotori_5_model_0.cif.gz	C	0.087326	1.0	/scratch/brussel/vo/000/bvo00014/vsc39230/slyb/out/rfd3_penta_2b_hotspotori_scr8_50056903/rfd3_penta_2b_compact_hotspotori_penta_2b_compact_hotspotori_5_model_0.json	/scratch/brussel/vo/000/bvo00014/vsc39230/slyb/inputs/target_penta_soluble.pdb	"{""input"":""/scratch/brussel/vo/000/bvo00014/vsc39230/slyb/inputs/target_penta_soluble.pdb"",""contig"":""35-50,/0,35-50,/0,J18-60,J103-155,K18-60,K103-155,A18-60,A103-155,B18-60,B103-155,C18-60,C103-155"",""extra"":{""example"":""penta_2b_compact_hotspotori"",""task_name"":""rfd3_penta_2b_compact_hotspotori_penta_2b_compact_hotspotori"",""sampled_contig"":""44P,/0,38P,/0,J18,J19,J20,J21,J22,J23,J24,J25,J26,J27,J28,J29,J30,J31,J32,J33,J34,J35,J36,J37,J38,J39,J40,J41,J42,J43,J44,J45,J46,J47,J48,J49,J50,J51,J52,J53,J54,J55,J56,J57,J58,J59,J60,J103,J104,J105,J106,J107,J108,J109,J110,J111,J112,J113,J114,J115,J116,J117,J118,J119,J120,J121,J122,J123,J124,J125,J126,J127,J128,J129,J130,J131,J132,J133,J134,J135,J136,J137,J138,J139,J140,J141,J142,J143,J144,J145,J146,J147,J148,J149,J150,J151,J152,J153,J154,J155,K18,K19,K20,K21,K22,K23,K24,K25,K26,K27,K28,K29,K30,K31,K32,K33,K34,K35,K36,K37,K38,K39,K40,K41,K42,K43,K44,K45,K46,K47,K48,K49,K50,K51,K52,K53,K54,K55,K56,K57,K58,K59,K60,K103,K104,K105,K106,K107,K108,K109,K"
design2	B	19	/scratch/brussel/vo/000/bvo00014/vsc39230/slyb/out/rfd3_penta_2b_hotspotori_scr8_50056903/rfd3_penta_2b_compact_hotspotori_penta_2b_compact_hotspotori_6_model_0.cif.gz	C	0.087326	1.0	/scratch/brussel/vo/000/bvo00014/vsc39230/slyb/out/rfd3_penta_2b_hotspotori_scr8_50056903/rfd3_penta_2b_compact_hotspotori_penta_2b_compact_hotspotori_6_model_0.json	/scratch/brussel/vo/000/bvo00014/vsc39230/slyb/inputs/target_penta_soluble.pdb	"{""input"":""/scratch/brussel/vo/000/bvo00014/vsc39230/slyb/inputs/target_penta_soluble.pdb"",""contig"":""35-50,/0,35-50,/0,J18-60,J103-155,K18-60,K103-155,A18-60,A103-155,B18-60,B103-155,C18-60,C103-155"",""extra"":{""example"":""penta_2b_compact_hotspotori"",""task_name"":""rfd3_penta_2b_compact_hotspotori_penta_2b_compact_hotspotori"",""sampled_contig"":""41P,/0,39P,/0,J18,J19,J20,J21,J22,J23,J24,J25,J26,J27,J28,J29,J30,J31,J32,J33,J34,J35,J36,J37,J38,J39,J40,J41,J42,J43,J44,J45,J46,J47,J48,J49,J50,J51,J52,J53,J54,J55,J56,J57,J58,J59,J60,J103,J104,J105,J106,J107,J108,J109,J110,J111,J112,J113,J114,J115,J116,J117,J118,J119,J120,J121,J122,J123,J124,J125,J126,J127,J128,J129,J130,J131,J132,J133,J134,J135,J136,J137,J138,J139,J140,J141,J142,J143,J144,J145,J146,J147,J148,J149,J150,J151,J152,J153,J154,J155,K18,K19,K20,K21,K22,K23,K24,K25,K26,K27,K28,K29,K30,K31,K32,K33,K34,K35,K36,K37,K38,K39,K40,K41,K42,K43,K44,K45,K46,K47,K48,K49,K50,K51,K52,K53,K54,K55,K56,K57,K58,K59,K60,K103,K104,K105,K106,K107,K108,K109,K"
design2	B	20	/scratch/brussel/vo/000/bvo00014/vsc39230/slyb/out/rfd3_penta_2b_hotspotori_scr8_50056903/rfd3_penta_2b_compact_hotspotori_penta_2b_compact_hotspotori_7_model_0.cif.gz	C	0.087326	1.0	/scratch/brussel/vo/000/bvo00014/vsc39230/slyb/out/rfd3_penta_2b_hotspotori_scr8_50056903/rfd3_penta_2b_compact_hotspotori_penta_2b_compact_hotspotori_7_model_0.json	/scratch/brussel/vo/000/bvo00014/vsc39230/slyb/inputs/target_penta_soluble.pdb	"{""input"":""/scratch/brussel/vo/000/bvo00014/vsc39230/slyb/inputs/target_penta_soluble.pdb"",""contig"":""35-50,/0,35-50,/0,J18-60,J103-155,K18-60,K103-155,A18-60,A103-155,B18-60,B103-155,C18-60,C103-155"",""extra"":{""example"":""penta_2b_compact_hotspotori"",""task_name"":""rfd3_penta_2b_compact_hotspotori_penta_2b_compact_hotspotori"",""sampled_contig"":""41P,/0,45P,/0,J18,J19,J20,J21,J22,J23,J24,J25,J26,J27,J28,J29,J30,J31,J32,J33,J34,J35,J36,J37,J38,J39,J40,J41,J42,J43,J44,J45,J46,J47,J48,J49,J50,J51,J52,J53,J54,J55,J56,J57,J58,J59,J60,J103,J104,J105,J106,J107,J108,J109,J110,J111,J112,J113,J114,J115,J116,J117,J118,J119,J120,J121,J122,J123,J124,J125,J126,J127,J128,J129,J130,J131,J132,J133,J134,J135,J136,J137,J138,J139,J140,J141,J142,J143,J144,J145,J146,J147,J148,J149,J150,J151,J152,J153,J154,J155,K18,K19,K20,K21,K22,K23,K24,K25,K26,K27,K28,K29,K30,K31,K32,K33,K34,K35,K36,K37,K38,K39,K40,K41,K42,K43,K44,K45,K46,K47,K48,K49,K50,K51,K52,K53,K54,K55,K56,K57,K58,K59,K60,K103,K104,K105,K106,K107,K108,K109,K"
design6	A	1	/scratch/brussel/vo/000/bvo00014/vsc39230/slyb/out/rfd3_penta_single_36_52_hotspotori_scr8_50056908/rfd3_penta_single_36_52_hotspotori_penta_single_36_52_hotspotori_6_model_0.cif.gz	A	0.0	1.0	/scratch/brussel/vo/000/bvo00014/vsc39230/slyb/out/rfd3_penta_single_36_52_hotspotori_scr8_50056908/rfd3_penta_single_36_52_hotspotori_penta_single_36_52_hotspotori_6_model_0.json	/scratch/brussel/vo/000/bvo00014/vsc39230/slyb/inputs/target_penta_soluble.pdb	"{""input"":""/scratch/brussel/vo/000/bvo00014/vsc39230/slyb/inputs/target_penta_soluble.pdb"",""contig"":""36-52,/0,J18-60,J103-155,K18-60,K103-155,A18-60,A103-155,B18-60,B103-155,C18-60,C103-155"",""extra"":{""example"":""penta_single_36_52_hotspotori"",""task_name"":""rfd3_penta_single_36_52_hotspotori_penta_single_36_52_hotspotori"",""sampled_contig"":""38P,/0,J18,J19,J20,J21,J22,J23,J24,J25,J26,J27,J28,J29,J30,J31,J32,J33,J34,J35,J36,J37,J38,J39,J40,J41,J42,J43,J44,J45,J46,J47,J48,J49,J50,J51,J52,J53,J54,J55,J56,J57,J58,J59,J60,J103,J104,J105,J106,J107,J108,J109,J110,J111,J112,J113,J114,J115,J116,J117,J118,J119,J120,J121,J122,J123,J124,J125,J126,J127,J128,J129,J130,J131,J132,J133,J134,J135,J136,J137,J138,J139,J140,J141,J142,J143,J144,J145,J146,J147,J148,J149,J150,J151,J152,J153,J154,J155,K18,K19,K20,K21,K22,K23,K24,K25,K26,K27,K28,K29,K30,K31,K32,K33,K34,K35,K36,K37,K38,K39,K40,K41,K42,K43,K44,K45,K46,K47,K48,K49,K50,K51,K52,K53,K54,K55,K56,K57,K58,K59,K60,K103,K104,K105,K106,K107,K108,K109,K110,K111,K"
design6	A	2	/scratch/brussel/vo/000/bvo00014/vsc39230/slyb/out/rfd3_penta_2b_hotspotori_scr8_50056903/rfd3_penta_2b_compact_hotspotori_penta_2b_compact_hotspotori_5_model_0.cif.gz	B	7.564128	0.263158	/scratch/brussel/vo/000/bvo00014/vsc39230/slyb/out/rfd3_penta_2b_hotspotori_scr8_50056903/rfd3_penta_2b_compact_hotspotori_penta_2b_compact_hotspotori_5_model_0.json	/scratch/brussel/vo/000/bvo00014/vsc39230/slyb/inputs/target_penta_soluble.pdb	"{""input"":""/scratch/brussel/vo/000/bvo00014/vsc39230/slyb/inputs/target_penta_soluble.pdb"",""contig"":""35-50,/0,35-50,/0,J18-60,J103-155,K18-60,K103-155,A18-60,A103-155,B18-60,B103-155,C18-60,C103-155"",""extra"":{""example"":""penta_2b_compact_hotspotori"",""task_name"":""rfd3_penta_2b_compact_hotspotori_penta_2b_compact_hotspotori"",""sampled_contig"":""44P,/0,38P,/0,J18,J19,J20,J21,J22,J23,J24,J25,J26,J27,J28,J29,J30,J31,J32,J33,J34,J35,J36,J37,J38,J39,J40,J41,J42,J43,J44,J45,J46,J47,J48,J49,J50,J51,J52,J53,J54,J55,J56,J57,J58,J59,J60,J103,J104,J105,J106,J107,J108,J109,J110,J111,J112,J113,J114,J115,J116,J117,J118,J119,J120,J121,J122,J123,J124,J125,J126,J127,J128,J129,J130,J131,J132,J133,J134,J135,J136,J137,J138,J139,J140,J141,J142,J143,J144,J145,J146,J147,J148,J149,J150,J151,J152,J153,J154,J155,K18,K19,K20,K21,K22,K23,K24,K25,K26,K27,K28,K29,K30,K31,K32,K33,K34,K35,K36,K37,K38,K39,K40,K41,K42,K43,K44,K45,K46,K47,K48,K49,K50,K51,K52,K53,K54,K55,K56,K57,K58,K59,K60,K103,K104,K105,K106,K107,K108,K109,K"
design6	A	3	/scratch/brussel/vo/000/bvo00014/vsc39230/slyb/out/rfd3_penta_single_36_52_hotspotori_scr8_50056908/rfd3_penta_single_36_52_hotspotori_penta_single_36_52_hotspotori_3_model_0.cif.gz	A	7.593559	0.236842	/scratch/brussel/vo/000/bvo00014/vsc39230/slyb/out/rfd3_penta_single_36_52_hotspotori_scr8_50056908/rfd3_penta_single_36_52_hotspotori_penta_single_36_52_hotspotori_3_model_0.json	/scratch/brussel/vo/000/bvo00014/vsc39230/slyb/inputs/target_penta_soluble.pdb	"{""input"":""/scratch/brussel/vo/000/bvo00014/vsc39230/slyb/inputs/target_penta_soluble.pdb"",""contig"":""36-52,/0,J18-60,J103-155,K18-60,K103-155,A18-60,A103-155,B18-60,B103-155,C18-60,C103-155"",""extra"":{""example"":""penta_single_36_52_hotspotori"",""task_name"":""rfd3_penta_single_36_52_hotspotori_penta_single_36_52_hotspotori"",""sampled_contig"":""38P,/0,J18,J19,J20,J21,J22,J23,J24,J25,J26,J27,J28,J29,J30,J31,J32,J33,J34,J35,J36,J37,J38,J39,J40,J41,J42,J43,J44,J45,J46,J47,J48,J49,J50,J51,J52,J53,J54,J55,J56,J57,J58,J59,J60,J103,J104,J105,J106,J107,J108,J109,J110,J111,J112,J113,J114,J115,J116,J117,J118,J119,J120,J121,J122,J123,J124,J125,J126,J127,J128,J129,J130,J131,J132,J133,J134,J135,J136,J137,J138,J139,J140,J141,J142,J143,J144,J145,J146,J147,J148,J149,J150,J151,J152,J153,J154,J155,K18,K19,K20,K21,K22,K23,K24,K25,K26,K27,K28,K29,K30,K31,K32,K33,K34,K35,K36,K37,K38,K39,K40,K41,K42,K43,K44,K45,K46,K47,K48,K49,K50,K51,K52,K53,K54,K55,K56,K57,K58,K59,K60,K103,K104,K105,K106,K107,K108,K109,K110,K111,K"
design6	A	4	/scratch/brussel/vo/000/bvo00014/vsc39230/slyb/out/rfd3_penta_2b_hotspotori_scr8_50056903/rfd3_penta_2b_compact_hotspotori_penta_2b_compact_hotspotori_4_model_0.cif.gz	B	8.891631	0.131579	/scratch/brussel/vo/000/bvo00014/vsc39230/slyb/out/rfd3_penta_2b_hotspotori_scr8_50056903/rfd3_penta_2b_compact_hotspotori_penta_2b_compact_hotspotori_4_model_0.json	/scratch/brussel/vo/000/bvo00014/vsc39230/slyb/inputs/target_penta_soluble.pdb	"{""input"":""/scratch/brussel/vo/000/bvo00014/vsc39230/slyb/inputs/target_penta_soluble.pdb"",""contig"":""35-50,/0,35-50,/0,J18-60,J103-155,K18-60,K103-155,A18-60,A103-155,B18-60,B103-155,C18-60,C103-155"",""extra"":{""example"":""penta_2b_compact_hotspotori"",""task_name"":""rfd3_penta_2b_compact_hotspotori_penta_2b_compact_hotspotori"",""sampled_contig"":""48P,/0,38P,/0,J18,J19,J20,J21,J22,J23,J24,J25,J26,J27,J28,J29,J30,J31,J32,J33,J34,J35,J36,J37,J38,J39,J40,J41,J42,J43,J44,J45,J46,J47,J48,J49,J50,J51,J52,J53,J54,J55,J56,J57,J58,J59,J60,J103,J104,J105,J106,J107,J108,J109,J110,J111,J112,J113,J114,J115,J116,J117,J118,J119,J120,J121,J122,J123,J124,J125,J126,J127,J128,J129,J130,J131,J132,J133,J134,J135,J136,J137,J138,J139,J140,J141,J142,J143,J144,J145,J146,J147,J148,J149,J150,J151,J152,J153,J154,J155,K18,K19,K20,K21,K22,K23,K24,K25,K26,K27,K28,K29,K30,K31,K32,K33,K34,K35,K36,K37,K38,K39,K40,K41,K42,K43,K44,K45,K46,K47,K48,K49,K50,K51,K52,K53,K54,K55,K56,K57,K58,K59,K60,K103,K104,K105,K106,K107,K108,K109,K"
design6	B	1	/scratch/brussel/vo/000/bvo00014/vsc39230/slyb/out/rfd3_penta_single_36_52_hotspotori_T200_50056907/rfd3_penta_single_36_52_hotspotori_penta_single_36_52_hotspotori_0_model_0.cif.gz	B	0.0	1.0	/scratch/brussel/vo/000/bvo00014/vsc39230/slyb/out/rfd3_penta_single_36_52_hotspotori_T200_50056907/rfd3_penta_single_36_52_hotspotori_penta_single_36_52_hotspotori_0_model_0.json	/scratch/brussel/vo/000/bvo00014/vsc39230/slyb/inputs/target_penta_soluble.pdb	"{""input"":""/scratch/brussel/vo/000/bvo00014/vsc39230/slyb/inputs/target_penta_soluble.pdb"",""contig"":""36-52,/0,J18-60,J103-155,K18-60,K103-155,A18-60,A103-155,B18-60,B103-155,C18-60,C103-155"",""extra"":{""example"":""penta_single_36_52_hotspotori"",""task_name"":""rfd3_penta_single_36_52_hotspotori_penta_single_36_52_hotspotori"",""sampled_contig"":""39P,/0,J18,J19,J20,J21,J22,J23,J24,J25,J26,J27,J28,J29,J30,J31,J32,J33,J34,J35,J36,J37,J38,J39,J40,J41,J42,J43,J44,J45,J46,J47,J48,J49,J50,J51,J52,J53,J54,J55,J56,J57,J58,J59,J60,J103,J104,J105,J106,J107,J108,J109,J110,J111,J112,J113,J114,J115,J116,J117,J118,J119,J120,J121,J122,J123,J124,J125,J126,J127,J128,J129,J130,J131,J132,J133,J134,J135,J136,J137,J138,J139,J140,J141,J142,J143,J144,J145,J146,J147,J148,J149,J150,J151,J152,J153,J154,J155,K18,K19,K20,K21,K22,K23,K24,K25,K26,K27,K28,K29,K30,K31,K32,K33,K34,K35,K36,K37,K38,K39,K40,K41,K42,K43,K44,K45,K46,K47,K48,K49,K50,K51,K52,K53,K54,K55,K56,K57,K58,K59,K60,K103,K104,K105,K106,K107,K108,K109,K110,K111,K"
design6	B	2	/scratch/brussel/vo/000/bvo00014/vsc39230/slyb/out/rfd3_penta_single_36_52_hotspotori_T20_50056906/rfd3_penta_single_36_52_hotspotori_penta_single_36_52_hotspotori_0_model_0.cif.gz	B	0.0	1.0	/scratch/brussel/vo/000/bvo00014/vsc39230/slyb/out/rfd3_penta_single_36_52_hotspotori_T20_50056906/rfd3_penta_single_36_52_hotspotori_penta_single_36_52_hotspotori_0_model_0.json	/scratch/brussel/vo/000/bvo00014/vsc39230/slyb/inputs/target_penta_soluble.pdb	"{""input"":""/scratch/brussel/vo/000/bvo00014/vsc39230/slyb/inputs/target_penta_soluble.pdb"",""contig"":""36-52,/0,J18-60,J103-155,K18-60,K103-155,A18-60,A103-155,B18-60,B103-155,C18-60,C103-155"",""extra"":{""example"":""penta_single_36_52_hotspotori"",""task_name"":""rfd3_penta_single_36_52_hotspotori_penta_single_36_52_hotspotori"",""sampled_contig"":""40P,/0,J18,J19,J20,J21,J22,J23,J24,J25,J26,J27,J28,J29,J30,J31,J32,J33,J34,J35,J36,J37,J38,J39,J40,J41,J42,J43,J44,J45,J46,J47,J48,J49,J50,J51,J52,J53,J54,J55,J56,J57,J58,J59,J60,J103,J104,J105,J106,J107,J108,J109,J110,J111,J112,J113,J114,J115,J116,J117,J118,J119,J120,J121,J122,J123,J124,J125,J126,J127,J128,J129,J130,J131,J132,J133,J134,J135,J136,J137,J138,J139,J140,J141,J142,J143,J144,J145,J146,J147,J148,J149,J150,J151,J152,J153,J154,J155,K18,K19,K20,K21,K22,K23,K24,K25,K26,K27,K28,K29,K30,K31,K32,K33,K34,K35,K36,K37,K38,K39,K40,K41,K42,K43,K44,K45,K46,K47,K48,K49,K50,K51,K52,K53,K54,K55,K56,K57,K58,K59,K60,K103,K104,K105,K106,K107,K108,K109,K110,K111,K"
design6	B	3	/scratch/brussel/vo/000/bvo00014/vsc39230/slyb/out/rfd3_penta_single_36_52_hotspotori_scr8_50056908/rfd3_penta_single_36_52_hotspotori_penta_single_36_52_hotspotori_0_model_0.cif.gz	B	0.0	1.0	/scratch/brussel/vo/000/bvo00014/vsc39230/slyb/out/rfd3_penta_single_36_52_hotspotori_scr8_50056908/rfd3_penta_single_36_52_hotspotori_penta_single_36_52_hotspotori_0_model_0.json	/scratch/brussel/vo/000/bvo00014/vsc39230/slyb/inputs/target_penta_soluble.pdb	"{""input"":""/scratch/brussel/vo/000/bvo00014/vsc39230/slyb/inputs/target_penta_soluble.pdb"",""contig"":""36-52,/0,J18-60,J103-155,K18-60,K103-155,A18-60,A103-155,B18-60,B103-155,C18-60,C103-155"",""extra"":{""example"":""penta_single_36_52_hotspotori"",""task_name"":""rfd3_penta_single_36_52_hotspotori_penta_single_36_52_hotspotori"",""sampled_contig"":""50P,/0,J18,J19,J20,J21,J22,J23,J24,J25,J26,J27,J28,J29,J30,J31,J32,J33,J34,J35,J36,J37,J38,J39,J40,J41,J42,J43,J44,J45,J46,J47,J48,J49,J50,J51,J52,J53,J54,J55,J56,J57,J58,J59,J60,J103,J104,J105,J106,J107,J108,J109,J110,J111,J112,J113,J114,J115,J116,J117,J118,J119,J120,J121,J122,J123,J124,J125,J126,J127,J128,J129,J130,J131,J132,J133,J134,J135,J136,J137,J138,J139,J140,J141,J142,J143,J144,J145,J146,J147,J148,J149,J150,J151,J152,J153,J154,J155,K18,K19,K20,K21,K22,K23,K24,K25,K26,K27,K28,K29,K30,K31,K32,K33,K34,K35,K36,K37,K38,K39,K40,K41,K42,K43,K44,K45,K46,K47,K48,K49,K50,K51,K52,K53,K54,K55,K56,K57,K58,K59,K60,K103,K104,K105,K106,K107,K108,K109,K110,K111,K"
design6	B	4	/scratch/brussel/vo/000/bvo00014/vsc39230/slyb/out/rfd3_penta_single_36_52_hotspotori_scr8_50056908/rfd3_penta_single_36_52_hotspotori_penta_single_36_52_hotspotori_1_model_0.cif.gz	B	0.0	1.0	/scratch/brussel/vo/000/bvo00014/vsc39230/slyb/out/rfd3_penta_single_36_52_hotspotori_scr8_50056908/rfd3_penta_single_36_52_hotspotori_penta_single_36_52_hotspotori_1_model_0.json	/scratch/brussel/vo/000/bvo00014/vsc39230/slyb/inputs/target_penta_soluble.pdb	"{""input"":""/scratch/brussel/vo/000/bvo00014/vsc39230/slyb/inputs/target_penta_soluble.pdb"",""contig"":""36-52,/0,J18-60,J103-155,K18-60,K103-155,A18-60,A103-155,B18-60,B103-155,C18-60,C103-155"",""extra"":{""example"":""penta_single_36_52_hotspotori"",""task_name"":""rfd3_penta_single_36_52_hotspotori_penta_single_36_52_hotspotori"",""sampled_contig"":""37P,/0,J18,J19,J20,J21,J22,J23,J24,J25,J26,J27,J28,J29,J30,J31,J32,J33,J34,J35,J36,J37,J38,J39,J40,J41,J42,J43,J44,J45,J46,J47,J48,J49,J50,J51,J52,J53,J54,J55,J56,J57,J58,J59,J60,J103,J104,J105,J106,J107,J108,J109,J110,J111,J112,J113,J114,J115,J116,J117,J118,J119,J120,J121,J122,J123,J124,J125,J126,J127,J128,J129,J130,J131,J132,J133,J134,J135,J136,J137,J138,J139,J140,J141,J142,J143,J144,J145,J146,J147,J148,J149,J150,J151,J152,J153,J154,J155,K18,K19,K20,K21,K22,K23,K24,K25,K26,K27,K28,K29,K30,K31,K32,K33,K34,K35,K36,K37,K38,K39,K40,K41,K42,K43,K44,K45,K46,K47,K48,K49,K50,K51,K52,K53,K54,K55,K56,K57,K58,K59,K60,K103,K104,K105,K106,K107,K108,K109,K110,K111,K"
design6	B	5	/scratch/brussel/vo/000/bvo00014/vsc39230/slyb/out/rfd3_penta_single_36_52_hotspotori_scr8_50056908/rfd3_penta_single_36_52_hotspotori_penta_single_36_52_hotspotori_2_model_0.cif.gz	B	0.0	1.0	/scratch/brussel/vo/000/bvo00014/vsc39230/slyb/out/rfd3_penta_single_36_52_hotspotori_scr8_50056908/rfd3_penta_single_36_52_hotspotori_penta_single_36_52_hotspotori_2_model_0.json	/scratch/brussel/vo/000/bvo00014/vsc39230/slyb/inputs/target_penta_soluble.pdb	"{""input"":""/scratch/brussel/vo/000/bvo00014/vsc39230/slyb/inputs/target_penta_soluble.pdb"",""contig"":""36-52,/0,J18-60,J103-155,K18-60,K103-155,A18-60,A103-155,B18-60,B103-155,C18-60,C103-155"",""extra"":{""example"":""penta_single_36_52_hotspotori"",""task_name"":""rfd3_penta_single_36_52_hotspotori_penta_single_36_52_hotspotori"",""sampled_contig"":""51P,/0,J18,J19,J20,J21,J22,J23,J24,J25,J26,J27,J28,J29,J30,J31,J32,J33,J34,J35,J36,J37,J38,J39,J40,J41,J42,J43,J44,J45,J46,J47,J48,J49,J50,J51,J52,J53,J54,J55,J56,J57,J58,J59,J60,J103,J104,J105,J106,J107,J108,J109,J110,J111,J112,J113,J114,J115,J116,J117,J118,J119,J120,J121,J122,J123,J124,J125,J126,J127,J128,J129,J130,J131,J132,J133,J134,J135,J136,J137,J138,J139,J140,J141,J142,J143,J144,J145,J146,J147,J148,J149,J150,J151,J152,J153,J154,J155,K18,K19,K20,K21,K22,K23,K24,K25,K26,K27,K28,K29,K30,K31,K32,K33,K34,K35,K36,K37,K38,K39,K40,K41,K42,K43,K44,K45,K46,K47,K48,K49,K50,K51,K52,K53,K54,K55,K56,K57,K58,K59,K60,K103,K104,K105,K106,K107,K108,K109,K110,K111,K"
design6	B	6	/scratch/brussel/vo/000/bvo00014/vsc39230/slyb/out/rfd3_penta_single_36_52_hotspotori_scr8_50056908/rfd3_penta_single_36_52_hotspotori_penta_single_36_52_hotspotori_3_model_0.cif.gz	B	0.0	1.0	/scratch/brussel/vo/000/bvo00014/vsc39230/slyb/out/rfd3_penta_single_36_52_hotspotori_scr8_50056908/rfd3_penta_single_36_52_hotspotori_penta_single_36_52_hotspotori_3_model_0.json	/scratch/brussel/vo/000/bvo00014/vsc39230/slyb/inputs/target_penta_soluble.pdb	"{""input"":""/scratch/brussel/vo/000/bvo00014/vsc39230/slyb/inputs/target_penta_soluble.pdb"",""contig"":""36-52,/0,J18-60,J103-155,K18-60,K103-155,A18-60,A103-155,B18-60,B103-155,C18-60,C103-155"",""extra"":{""example"":""penta_single_36_52_hotspotori"",""task_name"":""rfd3_penta_single_36_52_hotspotori_penta_single_36_52_hotspotori"",""sampled_contig"":""38P,/0,J18,J19,J20,J21,J22,J23,J24,J25,J26,J27,J28,J29,J30,J31,J32,J33,J34,J35,J36,J37,J38,J39,J40,J41,J42,J43,J44,J45,J46,J47,J48,J49,J50,J51,J52,J53,J54,J55,J56,J57,J58,J59,J60,J103,J104,J105,J106,J107,J108,J109,J110,J111,J112,J113,J114,J115,J116,J117,J118,J119,J120,J121,J122,J123,J124,J125,J126,J127,J128,J129,J130,J131,J132,J133,J134,J135,J136,J137,J138,J139,J140,J141,J142,J143,J144,J145,J146,J147,J148,J149,J150,J151,J152,J153,J154,J155,K18,K19,K20,K21,K22,K23,K24,K25,K26,K27,K28,K29,K30,K31,K32,K33,K34,K35,K36,K37,K38,K39,K40,K41,K42,K43,K44,K45,K46,K47,K48,K49,K50,K51,K52,K53,K54,K55,K56,K57,K58,K59,K60,K103,K104,K105,K106,K107,K108,K109,K110,K111,K"
design6	B	7	/scratch/brussel/vo/000/bvo00014/vsc39230/slyb/out/rfd3_penta_single_36_52_hotspotori_scr8_50056908/rfd3_penta_single_36_52_hotspotori_penta_single_36_52_hotspotori_4_model_0.cif.gz	B	0.0	1.0	/scratch/brussel/vo/000/bvo00014/vsc39230/slyb/out/rfd3_penta_single_36_52_hotspotori_scr8_50056908/rfd3_penta_single_36_52_hotspotori_penta_single_36_52_hotspotori_4_model_0.json	/scratch/brussel/vo/000/bvo00014/vsc39230/slyb/inputs/target_penta_soluble.pdb	"{""input"":""/scratch/brussel/vo/000/bvo00014/vsc39230/slyb/inputs/target_penta_soluble.pdb"",""contig"":""36-52,/0,J18-60,J103-155,K18-60,K103-155,A18-60,A103-155,B18-60,B103-155,C18-60,C103-155"",""extra"":{""example"":""penta_single_36_52_hotspotori"",""task_name"":""rfd3_penta_single_36_52_hotspotori_penta_single_36_52_hotspotori"",""sampled_contig"":""40P,/0,J18,J19,J20,J21,J22,J23,J24,J25,J26,J27,J28,J29,J30,J31,J32,J33,J34,J35,J36,J37,J38,J39,J40,J41,J42,J43,J44,J45,J46,J47,J48,J49,J50,J51,J52,J53,J54,J55,J56,J57,J58,J59,J60,J103,J104,J105,J106,J107,J108,J109,J110,J111,J112,J113,J114,J115,J116,J117,J118,J119,J120,J121,J122,J123,J124,J125,J126,J127,J128,J129,J130,J131,J132,J133,J134,J135,J136,J137,J138,J139,J140,J141,J142,J143,J144,J145,J146,J147,J148,J149,J150,J151,J152,J153,J154,J155,K18,K19,K20,K21,K22,K23,K24,K25,K26,K27,K28,K29,K30,K31,K32,K33,K34,K35,K36,K37,K38,K39,K40,K41,K42,K43,K44,K45,K46,K47,K48,K49,K50,K51,K52,K53,K54,K55,K56,K57,K58,K59,K60,K103,K104,K105,K106,K107,K108,K109,K110,K111,K"
design6	B	8	/scratch/brussel/vo/000/bvo00014/vsc39230/slyb/out/rfd3_penta_single_36_52_hotspotori_scr8_50056908/rfd3_penta_single_36_52_hotspotori_penta_single_36_52_hotspotori_5_model_0.cif.gz	B	0.0	1.0	/scratch/brussel/vo/000/bvo00014/vsc39230/slyb/out/rfd3_penta_single_36_52_hotspotori_scr8_50056908/rfd3_penta_single_36_52_hotspotori_penta_single_36_52_hotspotori_5_model_0.json	/scratch/brussel/vo/000/bvo00014/vsc39230/slyb/inputs/target_penta_soluble.pdb	"{""input"":""/scratch/brussel/vo/000/bvo00014/vsc39230/slyb/inputs/target_penta_soluble.pdb"",""contig"":""36-52,/0,J18-60,J103-155,K18-60,K103-155,A18-60,A103-155,B18-60,B103-155,C18-60,C103-155"",""extra"":{""example"":""penta_single_36_52_hotspotori"",""task_name"":""rfd3_penta_single_36_52_hotspotori_penta_single_36_52_hotspotori"",""sampled_contig"":""51P,/0,J18,J19,J20,J21,J22,J23,J24,J25,J26,J27,J28,J29,J30,J31,J32,J33,J34,J35,J36,J37,J38,J39,J40,J41,J42,J43,J44,J45,J46,J47,J48,J49,J50,J51,J52,J53,J54,J55,J56,J57,J58,J59,J60,J103,J104,J105,J106,J107,J108,J109,J110,J111,J112,J113,J114,J115,J116,J117,J118,J119,J120,J121,J122,J123,J124,J125,J126,J127,J128,J129,J130,J131,J132,J133,J134,J135,J136,J137,J138,J139,J140,J141,J142,J143,J144,J145,J146,J147,J148,J149,J150,J151,J152,J153,J154,J155,K18,K19,K20,K21,K22,K23,K24,K25,K26,K27,K28,K29,K30,K31,K32,K33,K34,K35,K36,K37,K38,K39,K40,K41,K42,K43,K44,K45,K46,K47,K48,K49,K50,K51,K52,K53,K54,K55,K56,K57,K58,K59,K60,K103,K104,K105,K106,K107,K108,K109,K110,K111,K"
design6	B	9	/scratch/brussel/vo/000/bvo00014/vsc39230/slyb/out/rfd3_penta_single_36_52_hotspotori_scr8_50056908/rfd3_penta_single_36_52_hotspotori_penta_single_36_52_hotspotori_6_model_0.cif.gz	B	0.0	1.0	/scratch/brussel/vo/000/bvo00014/vsc39230/slyb/out/rfd3_penta_single_36_52_hotspotori_scr8_50056908/rfd3_penta_single_36_52_hotspotori_penta_single_36_52_hotspotori_6_model_0.json	/scratch/brussel/vo/000/bvo00014/vsc39230/slyb/inputs/target_penta_soluble.pdb	"{""input"":""/scratch/brussel/vo/000/bvo00014/vsc39230/slyb/inputs/target_penta_soluble.pdb"",""contig"":""36-52,/0,J18-60,J103-155,K18-60,K103-155,A18-60,A103-155,B18-60,B103-155,C18-60,C103-155"",""extra"":{""example"":""penta_single_36_52_hotspotori"",""task_name"":""rfd3_penta_single_36_52_hotspotori_penta_single_36_52_hotspotori"",""sampled_contig"":""38P,/0,J18,J19,J20,J21,J22,J23,J24,J25,J26,J27,J28,J29,J30,J31,J32,J33,J34,J35,J36,J37,J38,J39,J40,J41,J42,J43,J44,J45,J46,J47,J48,J49,J50,J51,J52,J53,J54,J55,J56,J57,J58,J59,J60,J103,J104,J105,J106,J107,J108,J109,J110,J111,J112,J113,J114,J115,J116,J117,J118,J119,J120,J121,J122,J123,J124,J125,J126,J127,J128,J129,J130,J131,J132,J133,J134,J135,J136,J137,J138,J139,J140,J141,J142,J143,J144,J145,J146,J147,J148,J149,J150,J151,J152,J153,J154,J155,K18,K19,K20,K21,K22,K23,K24,K25,K26,K27,K28,K29,K30,K31,K32,K33,K34,K35,K36,K37,K38,K39,K40,K41,K42,K43,K44,K45,K46,K47,K48,K49,K50,K51,K52,K53,K54,K55,K56,K57,K58,K59,K60,K103,K104,K105,K106,K107,K108,K109,K110,K111,K"
design6	B	10	/scratch/brussel/vo/000/bvo00014/vsc39230/slyb/out/rfd3_penta_single_36_52_hotspotori_scr8_50056908/rfd3_penta_single_36_52_hotspotori_penta_single_36_52_hotspotori_7_model_0.cif.gz	B	0.0	1.0	/scratch/brussel/vo/000/bvo00014/vsc39230/slyb/out/rfd3_penta_single_36_52_hotspotori_scr8_50056908/rfd3_penta_single_36_52_hotspotori_penta_single_36_52_hotspotori_7_model_0.json	/scratch/brussel/vo/000/bvo00014/vsc39230/slyb/inputs/target_penta_soluble.pdb	"{""input"":""/scratch/brussel/vo/000/bvo00014/vsc39230/slyb/inputs/target_penta_soluble.pdb"",""contig"":""36-52,/0,J18-60,J103-155,K18-60,K103-155,A18-60,A103-155,B18-60,B103-155,C18-60,C103-155"",""extra"":{""example"":""penta_single_36_52_hotspotori"",""task_name"":""rfd3_penta_single_36_52_hotspotori_penta_single_36_52_hotspotori"",""sampled_contig"":""39P,/0,J18,J19,J20,J21,J22,J23,J24,J25,J26,J27,J28,J29,J30,J31,J32,J33,J34,J35,J36,J37,J38,J39,J40,J41,J42,J43,J44,J45,J46,J47,J48,J49,J50,J51,J52,J53,J54,J55,J56,J57,J58,J59,J60,J103,J104,J105,J106,J107,J108,J109,J110,J111,J112,J113,J114,J115,J116,J117,J118,J119,J120,J121,J122,J123,J124,J125,J126,J127,J128,J129,J130,J131,J132,J133,J134,J135,J136,J137,J138,J139,J140,J141,J142,J143,J144,J145,J146,J147,J148,J149,J150,J151,J152,J153,J154,J155,K18,K19,K20,K21,K22,K23,K24,K25,K26,K27,K28,K29,K30,K31,K32,K33,K34,K35,K36,K37,K38,K39,K40,K41,K42,K43,K44,K45,K46,K47,K48,K49,K50,K51,K52,K53,K54,K55,K56,K57,K58,K59,K60,K103,K104,K105,K106,K107,K108,K109,K110,K111,K"
design6	B	11	/scratch/brussel/vo/000/bvo00014/vsc39230/slyb/out/rfd3_penta_2b_hotspotori_T200_50056901/rfd3_penta_2b_compact_hotspotori_penta_2b_compact_hotspotori_0_model_0.cif.gz	C	0.087326	1.0	/scratch/brussel/vo/000/bvo00014/vsc39230/slyb/out/rfd3_penta_2b_hotspotori_T200_50056901/rfd3_penta_2b_compact_hotspotori_penta_2b_compact_hotspotori_0_model_0.json	/scratch/brussel/vo/000/bvo00014/vsc39230/slyb/inputs/target_penta_soluble.pdb	"{""input"":""/scratch/brussel/vo/000/bvo00014/vsc39230/slyb/inputs/target_penta_soluble.pdb"",""contig"":""35-50,/0,35-50,/0,J18-60,J103-155,K18-60,K103-155,A18-60,A103-155,B18-60,B103-155,C18-60,C103-155"",""extra"":{""example"":""penta_2b_compact_hotspotori"",""task_name"":""rfd3_penta_2b_compact_hotspotori_penta_2b_compact_hotspotori"",""sampled_contig"":""36P,/0,39P,/0,J18,J19,J20,J21,J22,J23,J24,J25,J26,J27,J28,J29,J30,J31,J32,J33,J34,J35,J36,J37,J38,J39,J40,J41,J42,J43,J44,J45,J46,J47,J48,J49,J50,J51,J52,J53,J54,J55,J56,J57,J58,J59,J60,J103,J104,J105,J106,J107,J108,J109,J110,J111,J112,J113,J114,J115,J116,J117,J118,J119,J120,J121,J122,J123,J124,J125,J126,J127,J128,J129,J130,J131,J132,J133,J134,J135,J136,J137,J138,J139,J140,J141,J142,J143,J144,J145,J146,J147,J148,J149,J150,J151,J152,J153,J154,J155,K18,K19,K20,K21,K22,K23,K24,K25,K26,K27,K28,K29,K30,K31,K32,K33,K34,K35,K36,K37,K38,K39,K40,K41,K42,K43,K44,K45,K46,K47,K48,K49,K50,K51,K52,K53,K54,K55,K56,K57,K58,K59,K60,K103,K104,K105,K106,K107,K108,K109,K"
design6	B	12	/scratch/brussel/vo/000/bvo00014/vsc39230/slyb/out/rfd3_penta_2b_hotspotori_T20_50056900/rfd3_penta_2b_compact_hotspotori_penta_2b_compact_hotspotori_0_model_0.cif.gz	C	0.087326	1.0	/scratch/brussel/vo/000/bvo00014/vsc39230/slyb/out/rfd3_penta_2b_hotspotori_T20_50056900/rfd3_penta_2b_compact_hotspotori_penta_2b_compact_hotspotori_0_model_0.json	/scratch/brussel/vo/000/bvo00014/vsc39230/slyb/inputs/target_penta_soluble.pdb	"{""input"":""/scratch/brussel/vo/000/bvo00014/vsc39230/slyb/inputs/target_penta_soluble.pdb"",""contig"":""35-50,/0,35-50,/0,J18-60,J103-155,K18-60,K103-155,A18-60,A103-155,B18-60,B103-155,C18-60,C103-155"",""extra"":{""example"":""penta_2b_compact_hotspotori"",""task_name"":""rfd3_penta_2b_compact_hotspotori_penta_2b_compact_hotspotori"",""sampled_contig"":""50P,/0,49P,/0,J18,J19,J20,J21,J22,J23,J24,J25,J26,J27,J28,J29,J30,J31,J32,J33,J34,J35,J36,J37,J38,J39,J40,J41,J42,J43,J44,J45,J46,J47,J48,J49,J50,J51,J52,J53,J54,J55,J56,J57,J58,J59,J60,J103,J104,J105,J106,J107,J108,J109,J110,J111,J112,J113,J114,J115,J116,J117,J118,J119,J120,J121,J122,J123,J124,J125,J126,J127,J128,J129,J130,J131,J132,J133,J134,J135,J136,J137,J138,J139,J140,J141,J142,J143,J144,J145,J146,J147,J148,J149,J150,J151,J152,J153,J154,J155,K18,K19,K20,K21,K22,K23,K24,K25,K26,K27,K28,K29,K30,K31,K32,K33,K34,K35,K36,K37,K38,K39,K40,K41,K42,K43,K44,K45,K46,K47,K48,K49,K50,K51,K52,K53,K54,K55,K56,K57,K58,K59,K60,K103,K104,K105,K106,K107,K108,K109,K"
design6	B	13	/scratch/brussel/vo/000/bvo00014/vsc39230/slyb/out/rfd3_penta_2b_hotspotori_scr8_50056903/rfd3_penta_2b_compact_hotspotori_penta_2b_compact_hotspotori_0_model_0.cif.gz	C	0.087326	1.0	/scratch/brussel/vo/000/bvo00014/vsc39230/slyb/out/rfd3_penta_2b_hotspotori_scr8_50056903/rfd3_penta_2b_compact_hotspotori_penta_2b_compact_hotspotori_0_model_0.json	/scratch/brussel/vo/000/bvo00014/vsc39230/slyb/inputs/target_penta_soluble.pdb	"{""input"":""/scratch/brussel/vo/000/bvo00014/vsc39230/slyb/inputs/target_penta_soluble.pdb"",""contig"":""35-50,/0,35-50,/0,J18-60,J103-155,K18-60,K103-155,A18-60,A103-155,B18-60,B103-155,C18-60,C103-155"",""extra"":{""example"":""penta_2b_compact_hotspotori"",""task_name"":""rfd3_penta_2b_compact_hotspotori_penta_2b_compact_hotspotori"",""sampled_contig"":""50P,/0,35P,/0,J18,J19,J20,J21,J22,J23,J24,J25,J26,J27,J28,J29,J30,J31,J32,J33,J34,J35,J36,J37,J38,J39,J40,J41,J42,J43,J44,J45,J46,J47,J48,J49,J50,J51,J52,J53,J54,J55,J56,J57,J58,J59,J60,J103,J104,J105,J106,J107,J108,J109,J110,J111,J112,J113,J114,J115,J116,J117,J118,J119,J120,J121,J122,J123,J124,J125,J126,J127,J128,J129,J130,J131,J132,J133,J134,J135,J136,J137,J138,J139,J140,J141,J142,J143,J144,J145,J146,J147,J148,J149,J150,J151,J152,J153,J154,J155,K18,K19,K20,K21,K22,K23,K24,K25,K26,K27,K28,K29,K30,K31,K32,K33,K34,K35,K36,K37,K38,K39,K40,K41,K42,K43,K44,K45,K46,K47,K48,K49,K50,K51,K52,K53,K54,K55,K56,K57,K58,K59,K60,K103,K104,K105,K106,K107,K108,K109,K"
design6	B	14	/scratch/brussel/vo/000/bvo00014/vsc39230/slyb/out/rfd3_penta_2b_hotspotori_scr8_50056903/rfd3_penta_2b_compact_hotspotori_penta_2b_compact_hotspotori_1_model_0.cif.gz	C	0.087326	1.0	/scratch/brussel/vo/000/bvo00014/vsc39230/slyb/out/rfd3_penta_2b_hotspotori_scr8_50056903/rfd3_penta_2b_compact_hotspotori_penta_2b_compact_hotspotori_1_model_0.json	/scratch/brussel/vo/000/bvo00014/vsc39230/slyb/inputs/target_penta_soluble.pdb	"{""input"":""/scratch/brussel/vo/000/bvo00014/vsc39230/slyb/inputs/target_penta_soluble.pdb"",""contig"":""35-50,/0,35-50,/0,J18-60,J103-155,K18-60,K103-155,A18-60,A103-155,B18-60,B103-155,C18-60,C103-155"",""extra"":{""example"":""penta_2b_compact_hotspotori"",""task_name"":""rfd3_penta_2b_compact_hotspotori_penta_2b_compact_hotspotori"",""sampled_contig"":""49P,/0,41P,/0,J18,J19,J20,J21,J22,J23,J24,J25,J26,J27,J28,J29,J30,J31,J32,J33,J34,J35,J36,J37,J38,J39,J40,J41,J42,J43,J44,J45,J46,J47,J48,J49,J50,J51,J52,J53,J54,J55,J56,J57,J58,J59,J60,J103,J104,J105,J106,J107,J108,J109,J110,J111,J112,J113,J114,J115,J116,J117,J118,J119,J120,J121,J122,J123,J124,J125,J126,J127,J128,J129,J130,J131,J132,J133,J134,J135,J136,J137,J138,J139,J140,J141,J142,J143,J144,J145,J146,J147,J148,J149,J150,J151,J152,J153,J154,J155,K18,K19,K20,K21,K22,K23,K24,K25,K26,K27,K28,K29,K30,K31,K32,K33,K34,K35,K36,K37,K38,K39,K40,K41,K42,K43,K44,K45,K46,K47,K48,K49,K50,K51,K52,K53,K54,K55,K56,K57,K58,K59,K60,K103,K104,K105,K106,K107,K108,K109,K"
design6	B	15	/scratch/brussel/vo/000/bvo00014/vsc39230/slyb/out/rfd3_penta_2b_hotspotori_scr8_50056903/rfd3_penta_2b_compact_hotspotori_penta_2b_compact_hotspotori_2_model_0.cif.gz	C	0.087326	1.0	/scratch/brussel/vo/000/bvo00014/vsc39230/slyb/out/rfd3_penta_2b_hotspotori_scr8_50056903/rfd3_penta_2b_compact_hotspotori_penta_2b_compact_hotspotori_2_model_0.json	/scratch/brussel/vo/000/bvo00014/vsc39230/slyb/inputs/target_penta_soluble.pdb	"{""input"":""/scratch/brussel/vo/000/bvo00014/vsc39230/slyb/inputs/target_penta_soluble.pdb"",""contig"":""35-50,/0,35-50,/0,J18-60,J103-155,K18-60,K103-155,A18-60,A103-155,B18-60,B103-155,C18-60,C103-155"",""extra"":{""example"":""penta_2b_compact_hotspotori"",""task_name"":""rfd3_penta_2b_compact_hotspotori_penta_2b_compact_hotspotori"",""sampled_contig"":""49P,/0,35P,/0,J18,J19,J20,J21,J22,J23,J24,J25,J26,J27,J28,J29,J30,J31,J32,J33,J34,J35,J36,J37,J38,J39,J40,J41,J42,J43,J44,J45,J46,J47,J48,J49,J50,J51,J52,J53,J54,J55,J56,J57,J58,J59,J60,J103,J104,J105,J106,J107,J108,J109,J110,J111,J112,J113,J114,J115,J116,J117,J118,J119,J120,J121,J122,J123,J124,J125,J126,J127,J128,J129,J130,J131,J132,J133,J134,J135,J136,J137,J138,J139,J140,J141,J142,J143,J144,J145,J146,J147,J148,J149,J150,J151,J152,J153,J154,J155,K18,K19,K20,K21,K22,K23,K24,K25,K26,K27,K28,K29,K30,K31,K32,K33,K34,K35,K36,K37,K38,K39,K40,K41,K42,K43,K44,K45,K46,K47,K48,K49,K50,K51,K52,K53,K54,K55,K56,K57,K58,K59,K60,K103,K104,K105,K106,K107,K108,K109,K"
design6	B	16	/scratch/brussel/vo/000/bvo00014/vsc39230/slyb/out/rfd3_penta_2b_hotspotori_scr8_50056903/rfd3_penta_2b_compact_hotspotori_penta_2b_compact_hotspotori_3_model_0.cif.gz	C	0.087326	1.0	/scratch/brussel/vo/000/bvo00014/vsc39230/slyb/out/rfd3_penta_2b_hotspotori_scr8_50056903/rfd3_penta_2b_compact_hotspotori_penta_2b_compact_hotspotori_3_model_0.json	/scratch/brussel/vo/000/bvo00014/vsc39230/slyb/inputs/target_penta_soluble.pdb	"{""input"":""/scratch/brussel/vo/000/bvo00014/vsc39230/slyb/inputs/target_penta_soluble.pdb"",""contig"":""35-50,/0,35-50,/0,J18-60,J103-155,K18-60,K103-155,A18-60,A103-155,B18-60,B103-155,C18-60,C103-155"",""extra"":{""example"":""penta_2b_compact_hotspotori"",""task_name"":""rfd3_penta_2b_compact_hotspotori_penta_2b_compact_hotspotori"",""sampled_contig"":""40P,/0,35P,/0,J18,J19,J20,J21,J22,J23,J24,J25,J26,J27,J28,J29,J30,J31,J32,J33,J34,J35,J36,J37,J38,J39,J40,J41,J42,J43,J44,J45,J46,J47,J48,J49,J50,J51,J52,J53,J54,J55,J56,J57,J58,J59,J60,J103,J104,J105,J106,J107,J108,J109,J110,J111,J112,J113,J114,J115,J116,J117,J118,J119,J120,J121,J122,J123,J124,J125,J126,J127,J128,J129,J130,J131,J132,J133,J134,J135,J136,J137,J138,J139,J140,J141,J142,J143,J144,J145,J146,J147,J148,J149,J150,J151,J152,J153,J154,J155,K18,K19,K20,K21,K22,K23,K24,K25,K26,K27,K28,K29,K30,K31,K32,K33,K34,K35,K36,K37,K38,K39,K40,K41,K42,K43,K44,K45,K46,K47,K48,K49,K50,K51,K52,K53,K54,K55,K56,K57,K58,K59,K60,K103,K104,K105,K106,K107,K108,K109,K"
design6	B	17	/scratch/brussel/vo/000/bvo00014/vsc39230/slyb/out/rfd3_penta_2b_hotspotori_scr8_50056903/rfd3_penta_2b_compact_hotspotori_penta_2b_compact_hotspotori_4_model_0.cif.gz	C	0.087326	1.0	/scratch/brussel/vo/000/bvo00014/vsc39230/slyb/out/rfd3_penta_2b_hotspotori_scr8_50056903/rfd3_penta_2b_compact_hotspotori_penta_2b_compact_hotspotori_4_model_0.json	/scratch/brussel/vo/000/bvo00014/vsc39230/slyb/inputs/target_penta_soluble.pdb	"{""input"":""/scratch/brussel/vo/000/bvo00014/vsc39230/slyb/inputs/target_penta_soluble.pdb"",""contig"":""35-50,/0,35-50,/0,J18-60,J103-155,K18-60,K103-155,A18-60,A103-155,B18-60,B103-155,C18-60,C103-155"",""extra"":{""example"":""penta_2b_compact_hotspotori"",""task_name"":""rfd3_penta_2b_compact_hotspotori_penta_2b_compact_hotspotori"",""sampled_contig"":""48P,/0,38P,/0,J18,J19,J20,J21,J22,J23,J24,J25,J26,J27,J28,J29,J30,J31,J32,J33,J34,J35,J36,J37,J38,J39,J40,J41,J42,J43,J44,J45,J46,J47,J48,J49,J50,J51,J52,J53,J54,J55,J56,J57,J58,J59,J60,J103,J104,J105,J106,J107,J108,J109,J110,J111,J112,J113,J114,J115,J116,J117,J118,J119,J120,J121,J122,J123,J124,J125,J126,J127,J128,J129,J130,J131,J132,J133,J134,J135,J136,J137,J138,J139,J140,J141,J142,J143,J144,J145,J146,J147,J148,J149,J150,J151,J152,J153,J154,J155,K18,K19,K20,K21,K22,K23,K24,K25,K26,K27,K28,K29,K30,K31,K32,K33,K34,K35,K36,K37,K38,K39,K40,K41,K42,K43,K44,K45,K46,K47,K48,K49,K50,K51,K52,K53,K54,K55,K56,K57,K58,K59,K60,K103,K104,K105,K106,K107,K108,K109,K"
design6	B	18	/scratch/brussel/vo/000/bvo00014/vsc39230/slyb/out/rfd3_penta_2b_hotspotori_scr8_50056903/rfd3_penta_2b_compact_hotspotori_penta_2b_compact_hotspotori_5_model_0.cif.gz	C	0.087326	1.0	/scratch/brussel/vo/000/bvo00014/vsc39230/slyb/out/rfd3_penta_2b_hotspotori_scr8_50056903/rfd3_penta_2b_compact_hotspotori_penta_2b_compact_hotspotori_5_model_0.json	/scratch/brussel/vo/000/bvo00014/vsc39230/slyb/inputs/target_penta_soluble.pdb	"{""input"":""/scratch/brussel/vo/000/bvo00014/vsc39230/slyb/inputs/target_penta_soluble.pdb"",""contig"":""35-50,/0,35-50,/0,J18-60,J103-155,K18-60,K103-155,A18-60,A103-155,B18-60,B103-155,C18-60,C103-155"",""extra"":{""example"":""penta_2b_compact_hotspotori"",""task_name"":""rfd3_penta_2b_compact_hotspotori_penta_2b_compact_hotspotori"",""sampled_contig"":""44P,/0,38P,/0,J18,J19,J20,J21,J22,J23,J24,J25,J26,J27,J28,J29,J30,J31,J32,J33,J34,J35,J36,J37,J38,J39,J40,J41,J42,J43,J44,J45,J46,J47,J48,J49,J50,J51,J52,J53,J54,J55,J56,J57,J58,J59,J60,J103,J104,J105,J106,J107,J108,J109,J110,J111,J112,J113,J114,J115,J116,J117,J118,J119,J120,J121,J122,J123,J124,J125,J126,J127,J128,J129,J130,J131,J132,J133,J134,J135,J136,J137,J138,J139,J140,J141,J142,J143,J144,J145,J146,J147,J148,J149,J150,J151,J152,J153,J154,J155,K18,K19,K20,K21,K22,K23,K24,K25,K26,K27,K28,K29,K30,K31,K32,K33,K34,K35,K36,K37,K38,K39,K40,K41,K42,K43,K44,K45,K46,K47,K48,K49,K50,K51,K52,K53,K54,K55,K56,K57,K58,K59,K60,K103,K104,K105,K106,K107,K108,K109,K"
design6	B	19	/scratch/brussel/vo/000/bvo00014/vsc39230/slyb/out/rfd3_penta_2b_hotspotori_scr8_50056903/rfd3_penta_2b_compact_hotspotori_penta_2b_compact_hotspotori_6_model_0.cif.gz	C	0.087326	1.0	/scratch/brussel/vo/000/bvo00014/vsc39230/slyb/out/rfd3_penta_2b_hotspotori_scr8_50056903/rfd3_penta_2b_compact_hotspotori_penta_2b_compact_hotspotori_6_model_0.json	/scratch/brussel/vo/000/bvo00014/vsc39230/slyb/inputs/target_penta_soluble.pdb	"{""input"":""/scratch/brussel/vo/000/bvo00014/vsc39230/slyb/inputs/target_penta_soluble.pdb"",""contig"":""35-50,/0,35-50,/0,J18-60,J103-155,K18-60,K103-155,A18-60,A103-155,B18-60,B103-155,C18-60,C103-155"",""extra"":{""example"":""penta_2b_compact_hotspotori"",""task_name"":""rfd3_penta_2b_compact_hotspotori_penta_2b_compact_hotspotori"",""sampled_contig"":""41P,/0,39P,/0,J18,J19,J20,J21,J22,J23,J24,J25,J26,J27,J28,J29,J30,J31,J32,J33,J34,J35,J36,J37,J38,J39,J40,J41,J42,J43,J44,J45,J46,J47,J48,J49,J50,J51,J52,J53,J54,J55,J56,J57,J58,J59,J60,J103,J104,J105,J106,J107,J108,J109,J110,J111,J112,J113,J114,J115,J116,J117,J118,J119,J120,J121,J122,J123,J124,J125,J126,J127,J128,J129,J130,J131,J132,J133,J134,J135,J136,J137,J138,J139,J140,J141,J142,J143,J144,J145,J146,J147,J148,J149,J150,J151,J152,J153,J154,J155,K18,K19,K20,K21,K22,K23,K24,K25,K26,K27,K28,K29,K30,K31,K32,K33,K34,K35,K36,K37,K38,K39,K40,K41,K42,K43,K44,K45,K46,K47,K48,K49,K50,K51,K52,K53,K54,K55,K56,K57,K58,K59,K60,K103,K104,K105,K106,K107,K108,K109,K"
design6	B	20	/scratch/brussel/vo/000/bvo00014/vsc39230/slyb/out/rfd3_penta_2b_hotspotori_scr8_50056903/rfd3_penta_2b_compact_hotspotori_penta_2b_compact_hotspotori_7_model_0.cif.gz	C	0.087326	1.0	/scratch/brussel/vo/000/bvo00014/vsc39230/slyb/out/rfd3_penta_2b_hotspotori_scr8_50056903/rfd3_penta_2b_compact_hotspotori_penta_2b_compact_hotspotori_7_model_0.json	/scratch/brussel/vo/000/bvo00014/vsc39230/slyb/inputs/target_penta_soluble.pdb	"{""input"":""/scratch/brussel/vo/000/bvo00014/vsc39230/slyb/inputs/target_penta_soluble.pdb"",""contig"":""35-50,/0,35-50,/0,J18-60,J103-155,K18-60,K103-155,A18-60,A103-155,B18-60,B103-155,C18-60,C103-155"",""extra"":{""example"":""penta_2b_compact_hotspotori"",""task_name"":""rfd3_penta_2b_compact_hotspotori_penta_2b_compact_hotspotori"",""sampled_contig"":""41P,/0,45P,/0,J18,J19,J20,J21,J22,J23,J24,J25,J26,J27,J28,J29,J30,J31,J32,J33,J34,J35,J36,J37,J38,J39,J40,J41,J42,J43,J44,J45,J46,J47,J48,J49,J50,J51,J52,J53,J54,J55,J56,J57,J58,J59,J60,J103,J104,J105,J106,J107,J108,J109,J110,J111,J112,J113,J114,J115,J116,J117,J118,J119,J120,J121,J122,J123,J124,J125,J126,J127,J128,J129,J130,J131,J132,J133,J134,J135,J136,J137,J138,J139,J140,J141,J142,J143,J144,J145,J146,J147,J148,J149,J150,J151,J152,J153,J154,J155,K18,K19,K20,K21,K22,K23,K24,K25,K26,K27,K28,K29,K30,K31,K32,K33,K34,K35,K36,K37,K38,K39,K40,K41,K42,K43,K44,K45,K46,K47,K48,K49,K50,K51,K52,K53,K54,K55,K56,K57,K58,K59,K60,K103,K104,K105,K106,K107,K108,K109,K"
