task	scenario	batch	design	binder_length	yaml
0	A110_B132_B155	batch_00	A110_bb000_s01	61	/scratch/brussel/vo/000/bvo00014/vsc39230/slyb/boltz_4x96_KABC_mpnn800_16x50_v1/inputs/task_00/A110_bb000_s01_4x96KABC.yaml
0	A110_B132_B155	batch_00	A110_bb000_s02	61	/scratch/brussel/vo/000/bvo00014/vsc39230/slyb/boltz_4x96_KABC_mpnn800_16x50_v1/inputs/task_00/A110_bb000_s02_4x96KABC.yaml
0	A110_B132_B155	batch_00	A110_bb000_s03	61	/scratch/brussel/vo/000/bvo00014/vsc39230/slyb/boltz_4x96_KABC_mpnn800_16x50_v1/inputs/task_00/A110_bb000_s03_4x96KABC.yaml
0	A110_B132_B155	batch_00	A110_bb000_s04	61	/scratch/brussel/vo/000/bvo00014/vsc39230/slyb/boltz_4x96_KABC_mpnn800_16x50_v1/inputs/task_00/A110_bb000_s04_4x96KABC.yaml
0	A110_B132_B155	batch_00	A110_bb000_s05	61	/scratch/brussel/vo/000/bvo00014/vsc39230/slyb/boltz_4x96_KABC_mpnn800_16x50_v1/inputs/task_00/A110_bb000_s05_4x96KABC.yaml
0	A110_B132_B155	batch_00	A110_bb000_s06	61	/scratch/brussel/vo/000/bvo00014/vsc39230/slyb/boltz_4x96_KABC_mpnn800_16x50_v1/inputs/task_00/A110_bb000_s06_4x96KABC.yaml
0	A110_B132_B155	batch_00	A110_bb000_s07	61	/scratch/brussel/vo/000/bvo00014/vsc39230/slyb/boltz_4x96_KABC_mpnn800_16x50_v1/inputs/task_00/A110_bb000_s07_4x96KABC.yaml
0	A110_B132_B155	batch_00	A110_bb000_s08	61	/scratch/brussel/vo/000/bvo00014/vsc39230/slyb/boltz_4x96_KABC_mpnn800_16x50_v1/inputs/task_00/A110_bb000_s08_4x96KABC.yaml
0	A110_B132_B155	batch_00	A110_bb001_s01	61	/scratch/brussel/vo/000/bvo00014/vsc39230/slyb/boltz_4x96_KABC_mpnn800_16x50_v1/inputs/task_00/A110_bb001_s01_4x96KABC.yaml
0	A110_B132_B155	batch_00	A110_bb001_s02	61	/scratch/brussel/vo/000/bvo00014/vsc39230/slyb/boltz_4x96_KABC_mpnn800_16x50_v1/inputs/task_00/A110_bb001_s02_4x96KABC.yaml
0	A110_B132_B155	batch_00	A110_bb001_s03	61	/scratch/brussel/vo/000/bvo00014/vsc39230/slyb/boltz_4x96_KABC_mpnn800_16x50_v1/inputs/task_00/A110_bb001_s03_4x96KABC.yaml
0	A110_B132_B155	batch_00	A110_bb001_s04	61	/scratch/brussel/vo/000/bvo00014/vsc39230/slyb/boltz_4x96_KABC_mpnn800_16x50_v1/inputs/task_00/A110_bb001_s04_4x96KABC.yaml
0	A110_B132_B155	batch_00	A110_bb001_s05	61	/scratch/brussel/vo/000/bvo00014/vsc39230/slyb/boltz_4x96_KABC_mpnn800_16x50_v1/inputs/task_00/A110_bb001_s05_4x96KABC.yaml
0	A110_B132_B155	batch_00	A110_bb001_s06	61	/scratch/brussel/vo/000/bvo00014/vsc39230/slyb/boltz_4x96_KABC_mpnn800_16x50_v1/inputs/task_00/A110_bb001_s06_4x96KABC.yaml
0	A110_B132_B155	batch_00	A110_bb001_s07	61	/scratch/brussel/vo/000/bvo00014/vsc39230/slyb/boltz_4x96_KABC_mpnn800_16x50_v1/inputs/task_00/A110_bb001_s07_4x96KABC.yaml
0	A110_B132_B155	batch_00	A110_bb001_s08	61	/scratch/brussel/vo/000/bvo00014/vsc39230/slyb/boltz_4x96_KABC_mpnn800_16x50_v1/inputs/task_00/A110_bb001_s08_4x96KABC.yaml
0	A110_B132_B155	batch_00	A110_bb002_s01	61	/scratch/brussel/vo/000/bvo00014/vsc39230/slyb/boltz_4x96_KABC_mpnn800_16x50_v1/inputs/task_00/A110_bb002_s01_4x96KABC.yaml
0	A110_B132_B155	batch_00	A110_bb002_s02	61	/scratch/brussel/vo/000/bvo00014/vsc39230/slyb/boltz_4x96_KABC_mpnn800_16x50_v1/inputs/task_00/A110_bb002_s02_4x96KABC.yaml
0	A110_B132_B155	batch_00	A110_bb002_s03	61	/scratch/brussel/vo/000/bvo00014/vsc39230/slyb/boltz_4x96_KABC_mpnn800_16x50_v1/inputs/task_00/A110_bb002_s03_4x96KABC.yaml
0	A110_B132_B155	batch_00	A110_bb002_s04	61	/scratch/brussel/vo/000/bvo00014/vsc39230/slyb/boltz_4x96_KABC_mpnn800_16x50_v1/inputs/task_00/A110_bb002_s04_4x96KABC.yaml
0	A110_B132_B155	batch_00	A110_bb002_s05	61	/scratch/brussel/vo/000/bvo00014/vsc39230/slyb/boltz_4x96_KABC_mpnn800_16x50_v1/inputs/task_00/A110_bb002_s05_4x96KABC.yaml
0	A110_B132_B155	batch_00	A110_bb002_s06	61	/scratch/brussel/vo/000/bvo00014/vsc39230/slyb/boltz_4x96_KABC_mpnn800_16x50_v1/inputs/task_00/A110_bb002_s06_4x96KABC.yaml
0	A110_B132_B155	batch_00	A110_bb002_s07	61	/scratch/brussel/vo/000/bvo00014/vsc39230/slyb/boltz_4x96_KABC_mpnn800_16x50_v1/inputs/task_00/A110_bb002_s07_4x96KABC.yaml
0	A110_B132_B155	batch_00	A110_bb002_s08	61	/scratch/brussel/vo/000/bvo00014/vsc39230/slyb/boltz_4x96_KABC_mpnn800_16x50_v1/inputs/task_00/A110_bb002_s08_4x96KABC.yaml
0	A110_B132_B155	batch_00	A110_bb003_s01	61	/scratch/brussel/vo/000/bvo00014/vsc39230/slyb/boltz_4x96_KABC_mpnn800_16x50_v1/inputs/task_00/A110_bb003_s01_4x96KABC.yaml
0	A110_B132_B155	batch_00	A110_bb003_s02	61	/scratch/brussel/vo/000/bvo00014/vsc39230/slyb/boltz_4x96_KABC_mpnn800_16x50_v1/inputs/task_00/A110_bb003_s02_4x96KABC.yaml
0	A110_B132_B155	batch_00	A110_bb003_s03	61	/scratch/brussel/vo/000/bvo00014/vsc39230/slyb/boltz_4x96_KABC_mpnn800_16x50_v1/inputs/task_00/A110_bb003_s03_4x96KABC.yaml
0	A110_B132_B155	batch_00	A110_bb003_s04	61	/scratch/brussel/vo/000/bvo00014/vsc39230/slyb/boltz_4x96_KABC_mpnn800_16x50_v1/inputs/task_00/A110_bb003_s04_4x96KABC.yaml
0	A110_B132_B155	batch_00	A110_bb003_s05	61	/scratch/brussel/vo/000/bvo00014/vsc39230/slyb/boltz_4x96_KABC_mpnn800_16x50_v1/inputs/task_00/A110_bb003_s05_4x96KABC.yaml
0	A110_B132_B155	batch_00	A110_bb003_s06	61	/scratch/brussel/vo/000/bvo00014/vsc39230/slyb/boltz_4x96_KABC_mpnn800_16x50_v1/inputs/task_00/A110_bb003_s06_4x96KABC.yaml
0	A110_B132_B155	batch_00	A110_bb003_s07	61	/scratch/brussel/vo/000/bvo00014/vsc39230/slyb/boltz_4x96_KABC_mpnn800_16x50_v1/inputs/task_00/A110_bb003_s07_4x96KABC.yaml
0	A110_B132_B155	batch_00	A110_bb003_s08	61	/scratch/brussel/vo/000/bvo00014/vsc39230/slyb/boltz_4x96_KABC_mpnn800_16x50_v1/inputs/task_00/A110_bb003_s08_4x96KABC.yaml
0	A110_B132_B155	batch_00	A110_bb004_s01	61	/scratch/brussel/vo/000/bvo00014/vsc39230/slyb/boltz_4x96_KABC_mpnn800_16x50_v1/inputs/task_00/A110_bb004_s01_4x96KABC.yaml
0	A110_B132_B155	batch_00	A110_bb004_s02	61	/scratch/brussel/vo/000/bvo00014/vsc39230/slyb/boltz_4x96_KABC_mpnn800_16x50_v1/inputs/task_00/A110_bb004_s02_4x96KABC.yaml
0	A110_B132_B155	batch_00	A110_bb004_s03	61	/scratch/brussel/vo/000/bvo00014/vsc39230/slyb/boltz_4x96_KABC_mpnn800_16x50_v1/inputs/task_00/A110_bb004_s03_4x96KABC.yaml
0	A110_B132_B155	batch_00	A110_bb004_s04	61	/scratch/brussel/vo/000/bvo00014/vsc39230/slyb/boltz_4x96_KABC_mpnn800_16x50_v1/inputs/task_00/A110_bb004_s04_4x96KABC.yaml
0	A110_B132_B155	batch_00	A110_bb004_s05	61	/scratch/brussel/vo/000/bvo00014/vsc39230/slyb/boltz_4x96_KABC_mpnn800_16x50_v1/inputs/task_00/A110_bb004_s05_4x96KABC.yaml
0	A110_B132_B155	batch_00	A110_bb004_s06	61	/scratch/brussel/vo/000/bvo00014/vsc39230/slyb/boltz_4x96_KABC_mpnn800_16x50_v1/inputs/task_00/A110_bb004_s06_4x96KABC.yaml
0	A110_B132_B155	batch_00	A110_bb004_s07	61	/scratch/brussel/vo/000/bvo00014/vsc39230/slyb/boltz_4x96_KABC_mpnn800_16x50_v1/inputs/task_00/A110_bb004_s07_4x96KABC.yaml
0	A110_B132_B155	batch_00	A110_bb004_s08	61	/scratch/brussel/vo/000/bvo00014/vsc39230/slyb/boltz_4x96_KABC_mpnn800_16x50_v1/inputs/task_00/A110_bb004_s08_4x96KABC.yaml
0	A110_B132_B155	batch_00	A110_bb005_s01	61	/scratch/brussel/vo/000/bvo00014/vsc39230/slyb/boltz_4x96_KABC_mpnn800_16x50_v1/inputs/task_00/A110_bb005_s01_4x96KABC.yaml
0	A110_B132_B155	batch_00	A110_bb005_s02	61	/scratch/brussel/vo/000/bvo00014/vsc39230/slyb/boltz_4x96_KABC_mpnn800_16x50_v1/inputs/task_00/A110_bb005_s02_4x96KABC.yaml
0	A110_B132_B155	batch_00	A110_bb005_s03	61	/scratch/brussel/vo/000/bvo00014/vsc39230/slyb/boltz_4x96_KABC_mpnn800_16x50_v1/inputs/task_00/A110_bb005_s03_4x96KABC.yaml
0	A110_B132_B155	batch_00	A110_bb005_s04	61	/scratch/brussel/vo/000/bvo00014/vsc39230/slyb/boltz_4x96_KABC_mpnn800_16x50_v1/inputs/task_00/A110_bb005_s04_4x96KABC.yaml
0	A110_B132_B155	batch_00	A110_bb005_s05	61	/scratch/brussel/vo/000/bvo00014/vsc39230/slyb/boltz_4x96_KABC_mpnn800_16x50_v1/inputs/task_00/A110_bb005_s05_4x96KABC.yaml
0	A110_B132_B155	batch_00	A110_bb005_s06	61	/scratch/brussel/vo/000/bvo00014/vsc39230/slyb/boltz_4x96_KABC_mpnn800_16x50_v1/inputs/task_00/A110_bb005_s06_4x96KABC.yaml
0	A110_B132_B155	batch_00	A110_bb005_s07	61	/scratch/brussel/vo/000/bvo00014/vsc39230/slyb/boltz_4x96_KABC_mpnn800_16x50_v1/inputs/task_00/A110_bb005_s07_4x96KABC.yaml
0	A110_B132_B155	batch_00	A110_bb005_s08	61	/scratch/brussel/vo/000/bvo00014/vsc39230/slyb/boltz_4x96_KABC_mpnn800_16x50_v1/inputs/task_00/A110_bb005_s08_4x96KABC.yaml
0	A110_B132_B155	batch_00	A110_bb006_s01	61	/scratch/brussel/vo/000/bvo00014/vsc39230/slyb/boltz_4x96_KABC_mpnn800_16x50_v1/inputs/task_00/A110_bb006_s01_4x96KABC.yaml
0	A110_B132_B155	batch_00	A110_bb006_s02	61	/scratch/brussel/vo/000/bvo00014/vsc39230/slyb/boltz_4x96_KABC_mpnn800_16x50_v1/inputs/task_00/A110_bb006_s02_4x96KABC.yaml
1	A110_B132_B155	batch_01	A110_bb006_s03	61	/scratch/brussel/vo/000/bvo00014/vsc39230/slyb/boltz_4x96_KABC_mpnn800_16x50_v1/inputs/task_01/A110_bb006_s03_4x96KABC.yaml
1	A110_B132_B155	batch_01	A110_bb006_s04	61	/scratch/brussel/vo/000/bvo00014/vsc39230/slyb/boltz_4x96_KABC_mpnn800_16x50_v1/inputs/task_01/A110_bb006_s04_4x96KABC.yaml
1	A110_B132_B155	batch_01	A110_bb006_s05	61	/scratch/brussel/vo/000/bvo00014/vsc39230/slyb/boltz_4x96_KABC_mpnn800_16x50_v1/inputs/task_01/A110_bb006_s05_4x96KABC.yaml
1	A110_B132_B155	batch_01	A110_bb006_s06	61	/scratch/brussel/vo/000/bvo00014/vsc39230/slyb/boltz_4x96_KABC_mpnn800_16x50_v1/inputs/task_01/A110_bb006_s06_4x96KABC.yaml
1	A110_B132_B155	batch_01	A110_bb006_s07	61	/scratch/brussel/vo/000/bvo00014/vsc39230/slyb/boltz_4x96_KABC_mpnn800_16x50_v1/inputs/task_01/A110_bb006_s07_4x96KABC.yaml
1	A110_B132_B155	batch_01	A110_bb006_s08	61	/scratch/brussel/vo/000/bvo00014/vsc39230/slyb/boltz_4x96_KABC_mpnn800_16x50_v1/inputs/task_01/A110_bb006_s08_4x96KABC.yaml
1	A110_B132_B155	batch_01	A110_bb007_s01	61	/scratch/brussel/vo/000/bvo00014/vsc39230/slyb/boltz_4x96_KABC_mpnn800_16x50_v1/inputs/task_01/A110_bb007_s01_4x96KABC.yaml
1	A110_B132_B155	batch_01	A110_bb007_s02	61	/scratch/brussel/vo/000/bvo00014/vsc39230/slyb/boltz_4x96_KABC_mpnn800_16x50_v1/inputs/task_01/A110_bb007_s02_4x96KABC.yaml
1	A110_B132_B155	batch_01	A110_bb007_s03	61	/scratch/brussel/vo/000/bvo00014/vsc39230/slyb/boltz_4x96_KABC_mpnn800_16x50_v1/inputs/task_01/A110_bb007_s03_4x96KABC.yaml
1	A110_B132_B155	batch_01	A110_bb007_s04	61	/scratch/brussel/vo/000/bvo00014/vsc39230/slyb/boltz_4x96_KABC_mpnn800_16x50_v1/inputs/task_01/A110_bb007_s04_4x96KABC.yaml
1	A110_B132_B155	batch_01	A110_bb007_s05	61	/scratch/brussel/vo/000/bvo00014/vsc39230/slyb/boltz_4x96_KABC_mpnn800_16x50_v1/inputs/task_01/A110_bb007_s05_4x96KABC.yaml
1	A110_B132_B155	batch_01	A110_bb007_s06	61	/scratch/brussel/vo/000/bvo00014/vsc39230/slyb/boltz_4x96_KABC_mpnn800_16x50_v1/inputs/task_01/A110_bb007_s06_4x96KABC.yaml
1	A110_B132_B155	batch_01	A110_bb007_s07	61	/scratch/brussel/vo/000/bvo00014/vsc39230/slyb/boltz_4x96_KABC_mpnn800_16x50_v1/inputs/task_01/A110_bb007_s07_4x96KABC.yaml
1	A110_B132_B155	batch_01	A110_bb007_s08	61	/scratch/brussel/vo/000/bvo00014/vsc39230/slyb/boltz_4x96_KABC_mpnn800_16x50_v1/inputs/task_01/A110_bb007_s08_4x96KABC.yaml
1	A110_B132_B155	batch_01	A110_bb008_s01	61	/scratch/brussel/vo/000/bvo00014/vsc39230/slyb/boltz_4x96_KABC_mpnn800_16x50_v1/inputs/task_01/A110_bb008_s01_4x96KABC.yaml
1	A110_B132_B155	batch_01	A110_bb008_s02	61	/scratch/brussel/vo/000/bvo00014/vsc39230/slyb/boltz_4x96_KABC_mpnn800_16x50_v1/inputs/task_01/A110_bb008_s02_4x96KABC.yaml
1	A110_B132_B155	batch_01	A110_bb008_s03	61	/scratch/brussel/vo/000/bvo00014/vsc39230/slyb/boltz_4x96_KABC_mpnn800_16x50_v1/inputs/task_01/A110_bb008_s03_4x96KABC.yaml
1	A110_B132_B155	batch_01	A110_bb008_s04	61	/scratch/brussel/vo/000/bvo00014/vsc39230/slyb/boltz_4x96_KABC_mpnn800_16x50_v1/inputs/task_01/A110_bb008_s04_4x96KABC.yaml
1	A110_B132_B155	batch_01	A110_bb008_s05	61	/scratch/brussel/vo/000/bvo00014/vsc39230/slyb/boltz_4x96_KABC_mpnn800_16x50_v1/inputs/task_01/A110_bb008_s05_4x96KABC.yaml
1	A110_B132_B155	batch_01	A110_bb008_s06	61	/scratch/brussel/vo/000/bvo00014/vsc39230/slyb/boltz_4x96_KABC_mpnn800_16x50_v1/inputs/task_01/A110_bb008_s06_4x96KABC.yaml
1	A110_B132_B155	batch_01	A110_bb008_s07	61	/scratch/brussel/vo/000/bvo00014/vsc39230/slyb/boltz_4x96_KABC_mpnn800_16x50_v1/inputs/task_01/A110_bb008_s07_4x96KABC.yaml
1	A110_B132_B155	batch_01	A110_bb008_s08	61	/scratch/brussel/vo/000/bvo00014/vsc39230/slyb/boltz_4x96_KABC_mpnn800_16x50_v1/inputs/task_01/A110_bb008_s08_4x96KABC.yaml
1	A110_B132_B155	batch_01	A110_bb009_s01	61	/scratch/brussel/vo/000/bvo00014/vsc39230/slyb/boltz_4x96_KABC_mpnn800_16x50_v1/inputs/task_01/A110_bb009_s01_4x96KABC.yaml
1	A110_B132_B155	batch_01	A110_bb009_s02	61	/scratch/brussel/vo/000/bvo00014/vsc39230/slyb/boltz_4x96_KABC_mpnn800_16x50_v1/inputs/task_01/A110_bb009_s02_4x96KABC.yaml
1	A110_B132_B155	batch_01	A110_bb009_s03	61	/scratch/brussel/vo/000/bvo00014/vsc39230/slyb/boltz_4x96_KABC_mpnn800_16x50_v1/inputs/task_01/A110_bb009_s03_4x96KABC.yaml
1	A110_B132_B155	batch_01	A110_bb009_s04	61	/scratch/brussel/vo/000/bvo00014/vsc39230/slyb/boltz_4x96_KABC_mpnn800_16x50_v1/inputs/task_01/A110_bb009_s04_4x96KABC.yaml
1	A110_B132_B155	batch_01	A110_bb009_s05	61	/scratch/brussel/vo/000/bvo00014/vsc39230/slyb/boltz_4x96_KABC_mpnn800_16x50_v1/inputs/task_01/A110_bb009_s05_4x96KABC.yaml
1	A110_B132_B155	batch_01	A110_bb009_s06	61	/scratch/brussel/vo/000/bvo00014/vsc39230/slyb/boltz_4x96_KABC_mpnn800_16x50_v1/inputs/task_01/A110_bb009_s06_4x96KABC.yaml
1	A110_B132_B155	batch_01	A110_bb009_s07	61	/scratch/brussel/vo/000/bvo00014/vsc39230/slyb/boltz_4x96_KABC_mpnn800_16x50_v1/inputs/task_01/A110_bb009_s07_4x96KABC.yaml
1	A110_B132_B155	batch_01	A110_bb009_s08	61	/scratch/brussel/vo/000/bvo00014/vsc39230/slyb/boltz_4x96_KABC_mpnn800_16x50_v1/inputs/task_01/A110_bb009_s08_4x96KABC.yaml
1	A110_B132_B155	batch_01	A110_bb010_s01	60	/scratch/brussel/vo/000/bvo00014/vsc39230/slyb/boltz_4x96_KABC_mpnn800_16x50_v1/inputs/task_01/A110_bb010_s01_4x96KABC.yaml
1	A110_B132_B155	batch_01	A110_bb010_s02	60	/scratch/brussel/vo/000/bvo00014/vsc39230/slyb/boltz_4x96_KABC_mpnn800_16x50_v1/inputs/task_01/A110_bb010_s02_4x96KABC.yaml
1	A110_B132_B155	batch_01	A110_bb010_s03	60	/scratch/brussel/vo/000/bvo00014/vsc39230/slyb/boltz_4x96_KABC_mpnn800_16x50_v1/inputs/task_01/A110_bb010_s03_4x96KABC.yaml
1	A110_B132_B155	batch_01	A110_bb010_s04	60	/scratch/brussel/vo/000/bvo00014/vsc39230/slyb/boltz_4x96_KABC_mpnn800_16x50_v1/inputs/task_01/A110_bb010_s04_4x96KABC.yaml
1	A110_B132_B155	batch_01	A110_bb010_s05	60	/scratch/brussel/vo/000/bvo00014/vsc39230/slyb/boltz_4x96_KABC_mpnn800_16x50_v1/inputs/task_01/A110_bb010_s05_4x96KABC.yaml
1	A110_B132_B155	batch_01	A110_bb010_s06	60	/scratch/brussel/vo/000/bvo00014/vsc39230/slyb/boltz_4x96_KABC_mpnn800_16x50_v1/inputs/task_01/A110_bb010_s06_4x96KABC.yaml
1	A110_B132_B155	batch_01	A110_bb010_s07	60	/scratch/brussel/vo/000/bvo00014/vsc39230/slyb/boltz_4x96_KABC_mpnn800_16x50_v1/inputs/task_01/A110_bb010_s07_4x96KABC.yaml
1	A110_B132_B155	batch_01	A110_bb010_s08	60	/scratch/brussel/vo/000/bvo00014/vsc39230/slyb/boltz_4x96_KABC_mpnn800_16x50_v1/inputs/task_01/A110_bb010_s08_4x96KABC.yaml
1	A110_B132_B155	batch_01	A110_bb011_s01	60	/scratch/brussel/vo/000/bvo00014/vsc39230/slyb/boltz_4x96_KABC_mpnn800_16x50_v1/inputs/task_01/A110_bb011_s01_4x96KABC.yaml
1	A110_B132_B155	batch_01	A110_bb011_s02	60	/scratch/brussel/vo/000/bvo00014/vsc39230/slyb/boltz_4x96_KABC_mpnn800_16x50_v1/inputs/task_01/A110_bb011_s02_4x96KABC.yaml
1	A110_B132_B155	batch_01	A110_bb011_s03	60	/scratch/brussel/vo/000/bvo00014/vsc39230/slyb/boltz_4x96_KABC_mpnn800_16x50_v1/inputs/task_01/A110_bb011_s03_4x96KABC.yaml
1	A110_B132_B155	batch_01	A110_bb011_s04	60	/scratch/brussel/vo/000/bvo00014/vsc39230/slyb/boltz_4x96_KABC_mpnn800_16x50_v1/inputs/task_01/A110_bb011_s04_4x96KABC.yaml
1	A110_B132_B155	batch_01	A110_bb011_s05	60	/scratch/brussel/vo/000/bvo00014/vsc39230/slyb/boltz_4x96_KABC_mpnn800_16x50_v1/inputs/task_01/A110_bb011_s05_4x96KABC.yaml
1	A110_B132_B155	batch_01	A110_bb011_s06	60	/scratch/brussel/vo/000/bvo00014/vsc39230/slyb/boltz_4x96_KABC_mpnn800_16x50_v1/inputs/task_01/A110_bb011_s06_4x96KABC.yaml
1	A110_B132_B155	batch_01	A110_bb011_s07	60	/scratch/brussel/vo/000/bvo00014/vsc39230/slyb/boltz_4x96_KABC_mpnn800_16x50_v1/inputs/task_01/A110_bb011_s07_4x96KABC.yaml
1	A110_B132_B155	batch_01	A110_bb011_s08	60	/scratch/brussel/vo/000/bvo00014/vsc39230/slyb/boltz_4x96_KABC_mpnn800_16x50_v1/inputs/task_01/A110_bb011_s08_4x96KABC.yaml
1	A110_B132_B155	batch_01	A110_bb012_s01	60	/scratch/brussel/vo/000/bvo00014/vsc39230/slyb/boltz_4x96_KABC_mpnn800_16x50_v1/inputs/task_01/A110_bb012_s01_4x96KABC.yaml
1	A110_B132_B155	batch_01	A110_bb012_s02	60	/scratch/brussel/vo/000/bvo00014/vsc39230/slyb/boltz_4x96_KABC_mpnn800_16x50_v1/inputs/task_01/A110_bb012_s02_4x96KABC.yaml
1	A110_B132_B155	batch_01	A110_bb012_s03	60	/scratch/brussel/vo/000/bvo00014/vsc39230/slyb/boltz_4x96_KABC_mpnn800_16x50_v1/inputs/task_01/A110_bb012_s03_4x96KABC.yaml
1	A110_B132_B155	batch_01	A110_bb012_s04	60	/scratch/brussel/vo/000/bvo00014/vsc39230/slyb/boltz_4x96_KABC_mpnn800_16x50_v1/inputs/task_01/A110_bb012_s04_4x96KABC.yaml
2	A110_B132_B155	batch_02	A110_bb012_s05	60	/scratch/brussel/vo/000/bvo00014/vsc39230/slyb/boltz_4x96_KABC_mpnn800_16x50_v1/inputs/task_02/A110_bb012_s05_4x96KABC.yaml
2	A110_B132_B155	batch_02	A110_bb012_s06	60	/scratch/brussel/vo/000/bvo00014/vsc39230/slyb/boltz_4x96_KABC_mpnn800_16x50_v1/inputs/task_02/A110_bb012_s06_4x96KABC.yaml
2	A110_B132_B155	batch_02	A110_bb012_s07	60	/scratch/brussel/vo/000/bvo00014/vsc39230/slyb/boltz_4x96_KABC_mpnn800_16x50_v1/inputs/task_02/A110_bb012_s07_4x96KABC.yaml
2	A110_B132_B155	batch_02	A110_bb012_s08	60	/scratch/brussel/vo/000/bvo00014/vsc39230/slyb/boltz_4x96_KABC_mpnn800_16x50_v1/inputs/task_02/A110_bb012_s08_4x96KABC.yaml
2	A110_B132_B155	batch_02	A110_bb013_s01	60	/scratch/brussel/vo/000/bvo00014/vsc39230/slyb/boltz_4x96_KABC_mpnn800_16x50_v1/inputs/task_02/A110_bb013_s01_4x96KABC.yaml
2	A110_B132_B155	batch_02	A110_bb013_s02	60	/scratch/brussel/vo/000/bvo00014/vsc39230/slyb/boltz_4x96_KABC_mpnn800_16x50_v1/inputs/task_02/A110_bb013_s02_4x96KABC.yaml
2	A110_B132_B155	batch_02	A110_bb013_s03	60	/scratch/brussel/vo/000/bvo00014/vsc39230/slyb/boltz_4x96_KABC_mpnn800_16x50_v1/inputs/task_02/A110_bb013_s03_4x96KABC.yaml
2	A110_B132_B155	batch_02	A110_bb013_s04	60	/scratch/brussel/vo/000/bvo00014/vsc39230/slyb/boltz_4x96_KABC_mpnn800_16x50_v1/inputs/task_02/A110_bb013_s04_4x96KABC.yaml
2	A110_B132_B155	batch_02	A110_bb013_s05	60	/scratch/brussel/vo/000/bvo00014/vsc39230/slyb/boltz_4x96_KABC_mpnn800_16x50_v1/inputs/task_02/A110_bb013_s05_4x96KABC.yaml
2	A110_B132_B155	batch_02	A110_bb013_s06	60	/scratch/brussel/vo/000/bvo00014/vsc39230/slyb/boltz_4x96_KABC_mpnn800_16x50_v1/inputs/task_02/A110_bb013_s06_4x96KABC.yaml
2	A110_B132_B155	batch_02	A110_bb013_s07	60	/scratch/brussel/vo/000/bvo00014/vsc39230/slyb/boltz_4x96_KABC_mpnn800_16x50_v1/inputs/task_02/A110_bb013_s07_4x96KABC.yaml
2	A110_B132_B155	batch_02	A110_bb013_s08	60	/scratch/brussel/vo/000/bvo00014/vsc39230/slyb/boltz_4x96_KABC_mpnn800_16x50_v1/inputs/task_02/A110_bb013_s08_4x96KABC.yaml
2	A110_B132_B155	batch_02	A110_bb014_s01	60	/scratch/brussel/vo/000/bvo00014/vsc39230/slyb/boltz_4x96_KABC_mpnn800_16x50_v1/inputs/task_02/A110_bb014_s01_4x96KABC.yaml
2	A110_B132_B155	batch_02	A110_bb014_s02	60	/scratch/brussel/vo/000/bvo00014/vsc39230/slyb/boltz_4x96_KABC_mpnn800_16x50_v1/inputs/task_02/A110_bb014_s02_4x96KABC.yaml
2	A110_B132_B155	batch_02	A110_bb014_s03	60	/scratch/brussel/vo/000/bvo00014/vsc39230/slyb/boltz_4x96_KABC_mpnn800_16x50_v1/inputs/task_02/A110_bb014_s03_4x96KABC.yaml
2	A110_B132_B155	batch_02	A110_bb014_s04	60	/scratch/brussel/vo/000/bvo00014/vsc39230/slyb/boltz_4x96_KABC_mpnn800_16x50_v1/inputs/task_02/A110_bb014_s04_4x96KABC.yaml
2	A110_B132_B155	batch_02	A110_bb014_s05	60	/scratch/brussel/vo/000/bvo00014/vsc39230/slyb/boltz_4x96_KABC_mpnn800_16x50_v1/inputs/task_02/A110_bb014_s05_4x96KABC.yaml
2	A110_B132_B155	batch_02	A110_bb014_s06	60	/scratch/brussel/vo/000/bvo00014/vsc39230/slyb/boltz_4x96_KABC_mpnn800_16x50_v1/inputs/task_02/A110_bb014_s06_4x96KABC.yaml
2	A110_B132_B155	batch_02	A110_bb014_s07	60	/scratch/brussel/vo/000/bvo00014/vsc39230/slyb/boltz_4x96_KABC_mpnn800_16x50_v1/inputs/task_02/A110_bb014_s07_4x96KABC.yaml
2	A110_B132_B155	batch_02	A110_bb014_s08	60	/scratch/brussel/vo/000/bvo00014/vsc39230/slyb/boltz_4x96_KABC_mpnn800_16x50_v1/inputs/task_02/A110_bb014_s08_4x96KABC.yaml
2	A110_B132_B155	batch_02	A110_bb015_s01	60	/scratch/brussel/vo/000/bvo00014/vsc39230/slyb/boltz_4x96_KABC_mpnn800_16x50_v1/inputs/task_02/A110_bb015_s01_4x96KABC.yaml
2	A110_B132_B155	batch_02	A110_bb015_s02	60	/scratch/brussel/vo/000/bvo00014/vsc39230/slyb/boltz_4x96_KABC_mpnn800_16x50_v1/inputs/task_02/A110_bb015_s02_4x96KABC.yaml
2	A110_B132_B155	batch_02	A110_bb015_s03	60	/scratch/brussel/vo/000/bvo00014/vsc39230/slyb/boltz_4x96_KABC_mpnn800_16x50_v1/inputs/task_02/A110_bb015_s03_4x96KABC.yaml
2	A110_B132_B155	batch_02	A110_bb015_s04	60	/scratch/brussel/vo/000/bvo00014/vsc39230/slyb/boltz_4x96_KABC_mpnn800_16x50_v1/inputs/task_02/A110_bb015_s04_4x96KABC.yaml
2	A110_B132_B155	batch_02	A110_bb015_s05	60	/scratch/brussel/vo/000/bvo00014/vsc39230/slyb/boltz_4x96_KABC_mpnn800_16x50_v1/inputs/task_02/A110_bb015_s05_4x96KABC.yaml
2	A110_B132_B155	batch_02	A110_bb015_s06	60	/scratch/brussel/vo/000/bvo00014/vsc39230/slyb/boltz_4x96_KABC_mpnn800_16x50_v1/inputs/task_02/A110_bb015_s06_4x96KABC.yaml
2	A110_B132_B155	batch_02	A110_bb015_s07	60	/scratch/brussel/vo/000/bvo00014/vsc39230/slyb/boltz_4x96_KABC_mpnn800_16x50_v1/inputs/task_02/A110_bb015_s07_4x96KABC.yaml
2	A110_B132_B155	batch_02	A110_bb015_s08	60	/scratch/brussel/vo/000/bvo00014/vsc39230/slyb/boltz_4x96_KABC_mpnn800_16x50_v1/inputs/task_02/A110_bb015_s08_4x96KABC.yaml
2	A110_B132_B155	batch_02	A110_bb016_s01	60	/scratch/brussel/vo/000/bvo00014/vsc39230/slyb/boltz_4x96_KABC_mpnn800_16x50_v1/inputs/task_02/A110_bb016_s01_4x96KABC.yaml
2	A110_B132_B155	batch_02	A110_bb016_s02	60	/scratch/brussel/vo/000/bvo00014/vsc39230/slyb/boltz_4x96_KABC_mpnn800_16x50_v1/inputs/task_02/A110_bb016_s02_4x96KABC.yaml
2	A110_B132_B155	batch_02	A110_bb016_s03	60	/scratch/brussel/vo/000/bvo00014/vsc39230/slyb/boltz_4x96_KABC_mpnn800_16x50_v1/inputs/task_02/A110_bb016_s03_4x96KABC.yaml
2	A110_B132_B155	batch_02	A110_bb016_s04	60	/scratch/brussel/vo/000/bvo00014/vsc39230/slyb/boltz_4x96_KABC_mpnn800_16x50_v1/inputs/task_02/A110_bb016_s04_4x96KABC.yaml
2	A110_B132_B155	batch_02	A110_bb016_s05	60	/scratch/brussel/vo/000/bvo00014/vsc39230/slyb/boltz_4x96_KABC_mpnn800_16x50_v1/inputs/task_02/A110_bb016_s05_4x96KABC.yaml
2	A110_B132_B155	batch_02	A110_bb016_s06	60	/scratch/brussel/vo/000/bvo00014/vsc39230/slyb/boltz_4x96_KABC_mpnn800_16x50_v1/inputs/task_02/A110_bb016_s06_4x96KABC.yaml
2	A110_B132_B155	batch_02	A110_bb016_s07	60	/scratch/brussel/vo/000/bvo00014/vsc39230/slyb/boltz_4x96_KABC_mpnn800_16x50_v1/inputs/task_02/A110_bb016_s07_4x96KABC.yaml
2	A110_B132_B155	batch_02	A110_bb016_s08	60	/scratch/brussel/vo/000/bvo00014/vsc39230/slyb/boltz_4x96_KABC_mpnn800_16x50_v1/inputs/task_02/A110_bb016_s08_4x96KABC.yaml
2	A110_B132_B155	batch_02	A110_bb017_s01	60	/scratch/brussel/vo/000/bvo00014/vsc39230/slyb/boltz_4x96_KABC_mpnn800_16x50_v1/inputs/task_02/A110_bb017_s01_4x96KABC.yaml
2	A110_B132_B155	batch_02	A110_bb017_s02	60	/scratch/brussel/vo/000/bvo00014/vsc39230/slyb/boltz_4x96_KABC_mpnn800_16x50_v1/inputs/task_02/A110_bb017_s02_4x96KABC.yaml
2	A110_B132_B155	batch_02	A110_bb017_s03	60	/scratch/brussel/vo/000/bvo00014/vsc39230/slyb/boltz_4x96_KABC_mpnn800_16x50_v1/inputs/task_02/A110_bb017_s03_4x96KABC.yaml
2	A110_B132_B155	batch_02	A110_bb017_s04	60	/scratch/brussel/vo/000/bvo00014/vsc39230/slyb/boltz_4x96_KABC_mpnn800_16x50_v1/inputs/task_02/A110_bb017_s04_4x96KABC.yaml
2	A110_B132_B155	batch_02	A110_bb017_s05	60	/scratch/brussel/vo/000/bvo00014/vsc39230/slyb/boltz_4x96_KABC_mpnn800_16x50_v1/inputs/task_02/A110_bb017_s05_4x96KABC.yaml
2	A110_B132_B155	batch_02	A110_bb017_s06	60	/scratch/brussel/vo/000/bvo00014/vsc39230/slyb/boltz_4x96_KABC_mpnn800_16x50_v1/inputs/task_02/A110_bb017_s06_4x96KABC.yaml
2	A110_B132_B155	batch_02	A110_bb017_s07	60	/scratch/brussel/vo/000/bvo00014/vsc39230/slyb/boltz_4x96_KABC_mpnn800_16x50_v1/inputs/task_02/A110_bb017_s07_4x96KABC.yaml
2	A110_B132_B155	batch_02	A110_bb017_s08	60	/scratch/brussel/vo/000/bvo00014/vsc39230/slyb/boltz_4x96_KABC_mpnn800_16x50_v1/inputs/task_02/A110_bb017_s08_4x96KABC.yaml
2	A110_B132_B155	batch_02	A110_bb018_s01	60	/scratch/brussel/vo/000/bvo00014/vsc39230/slyb/boltz_4x96_KABC_mpnn800_16x50_v1/inputs/task_02/A110_bb018_s01_4x96KABC.yaml
2	A110_B132_B155	batch_02	A110_bb018_s02	60	/scratch/brussel/vo/000/bvo00014/vsc39230/slyb/boltz_4x96_KABC_mpnn800_16x50_v1/inputs/task_02/A110_bb018_s02_4x96KABC.yaml
2	A110_B132_B155	batch_02	A110_bb018_s03	60	/scratch/brussel/vo/000/bvo00014/vsc39230/slyb/boltz_4x96_KABC_mpnn800_16x50_v1/inputs/task_02/A110_bb018_s03_4x96KABC.yaml
2	A110_B132_B155	batch_02	A110_bb018_s04	60	/scratch/brussel/vo/000/bvo00014/vsc39230/slyb/boltz_4x96_KABC_mpnn800_16x50_v1/inputs/task_02/A110_bb018_s04_4x96KABC.yaml
2	A110_B132_B155	batch_02	A110_bb018_s05	60	/scratch/brussel/vo/000/bvo00014/vsc39230/slyb/boltz_4x96_KABC_mpnn800_16x50_v1/inputs/task_02/A110_bb018_s05_4x96KABC.yaml
2	A110_B132_B155	batch_02	A110_bb018_s06	60	/scratch/brussel/vo/000/bvo00014/vsc39230/slyb/boltz_4x96_KABC_mpnn800_16x50_v1/inputs/task_02/A110_bb018_s06_4x96KABC.yaml
3	A110_B132_B155	batch_03	A110_bb018_s07	60	/scratch/brussel/vo/000/bvo00014/vsc39230/slyb/boltz_4x96_KABC_mpnn800_16x50_v1/inputs/task_03/A110_bb018_s07_4x96KABC.yaml
3	A110_B132_B155	batch_03	A110_bb018_s08	60	/scratch/brussel/vo/000/bvo00014/vsc39230/slyb/boltz_4x96_KABC_mpnn800_16x50_v1/inputs/task_03/A110_bb018_s08_4x96KABC.yaml
3	A110_B132_B155	batch_03	A110_bb019_s01	60	/scratch/brussel/vo/000/bvo00014/vsc39230/slyb/boltz_4x96_KABC_mpnn800_16x50_v1/inputs/task_03/A110_bb019_s01_4x96KABC.yaml
3	A110_B132_B155	batch_03	A110_bb019_s02	60	/scratch/brussel/vo/000/bvo00014/vsc39230/slyb/boltz_4x96_KABC_mpnn800_16x50_v1/inputs/task_03/A110_bb019_s02_4x96KABC.yaml
3	A110_B132_B155	batch_03	A110_bb019_s03	60	/scratch/brussel/vo/000/bvo00014/vsc39230/slyb/boltz_4x96_KABC_mpnn800_16x50_v1/inputs/task_03/A110_bb019_s03_4x96KABC.yaml
3	A110_B132_B155	batch_03	A110_bb019_s04	60	/scratch/brussel/vo/000/bvo00014/vsc39230/slyb/boltz_4x96_KABC_mpnn800_16x50_v1/inputs/task_03/A110_bb019_s04_4x96KABC.yaml
3	A110_B132_B155	batch_03	A110_bb019_s05	60	/scratch/brussel/vo/000/bvo00014/vsc39230/slyb/boltz_4x96_KABC_mpnn800_16x50_v1/inputs/task_03/A110_bb019_s05_4x96KABC.yaml
3	A110_B132_B155	batch_03	A110_bb019_s06	60	/scratch/brussel/vo/000/bvo00014/vsc39230/slyb/boltz_4x96_KABC_mpnn800_16x50_v1/inputs/task_03/A110_bb019_s06_4x96KABC.yaml
3	A110_B132_B155	batch_03	A110_bb019_s07	60	/scratch/brussel/vo/000/bvo00014/vsc39230/slyb/boltz_4x96_KABC_mpnn800_16x50_v1/inputs/task_03/A110_bb019_s07_4x96KABC.yaml
3	A110_B132_B155	batch_03	A110_bb019_s08	60	/scratch/brussel/vo/000/bvo00014/vsc39230/slyb/boltz_4x96_KABC_mpnn800_16x50_v1/inputs/task_03/A110_bb019_s08_4x96KABC.yaml
3	A110_B132_B155	batch_03	A110_bb020_s01	59	/scratch/brussel/vo/000/bvo00014/vsc39230/slyb/boltz_4x96_KABC_mpnn800_16x50_v1/inputs/task_03/A110_bb020_s01_4x96KABC.yaml
3	A110_B132_B155	batch_03	A110_bb020_s02	59	/scratch/brussel/vo/000/bvo00014/vsc39230/slyb/boltz_4x96_KABC_mpnn800_16x50_v1/inputs/task_03/A110_bb020_s02_4x96KABC.yaml
3	A110_B132_B155	batch_03	A110_bb020_s03	59	/scratch/brussel/vo/000/bvo00014/vsc39230/slyb/boltz_4x96_KABC_mpnn800_16x50_v1/inputs/task_03/A110_bb020_s03_4x96KABC.yaml
3	A110_B132_B155	batch_03	A110_bb020_s04	59	/scratch/brussel/vo/000/bvo00014/vsc39230/slyb/boltz_4x96_KABC_mpnn800_16x50_v1/inputs/task_03/A110_bb020_s04_4x96KABC.yaml
3	A110_B132_B155	batch_03	A110_bb020_s05	59	/scratch/brussel/vo/000/bvo00014/vsc39230/slyb/boltz_4x96_KABC_mpnn800_16x50_v1/inputs/task_03/A110_bb020_s05_4x96KABC.yaml
3	A110_B132_B155	batch_03	A110_bb020_s06	59	/scratch/brussel/vo/000/bvo00014/vsc39230/slyb/boltz_4x96_KABC_mpnn800_16x50_v1/inputs/task_03/A110_bb020_s06_4x96KABC.yaml
3	A110_B132_B155	batch_03	A110_bb020_s07	59	/scratch/brussel/vo/000/bvo00014/vsc39230/slyb/boltz_4x96_KABC_mpnn800_16x50_v1/inputs/task_03/A110_bb020_s07_4x96KABC.yaml
3	A110_B132_B155	batch_03	A110_bb020_s08	59	/scratch/brussel/vo/000/bvo00014/vsc39230/slyb/boltz_4x96_KABC_mpnn800_16x50_v1/inputs/task_03/A110_bb020_s08_4x96KABC.yaml
3	A110_B132_B155	batch_03	A110_bb021_s01	59	/scratch/brussel/vo/000/bvo00014/vsc39230/slyb/boltz_4x96_KABC_mpnn800_16x50_v1/inputs/task_03/A110_bb021_s01_4x96KABC.yaml
3	A110_B132_B155	batch_03	A110_bb021_s02	59	/scratch/brussel/vo/000/bvo00014/vsc39230/slyb/boltz_4x96_KABC_mpnn800_16x50_v1/inputs/task_03/A110_bb021_s02_4x96KABC.yaml
3	A110_B132_B155	batch_03	A110_bb021_s03	59	/scratch/brussel/vo/000/bvo00014/vsc39230/slyb/boltz_4x96_KABC_mpnn800_16x50_v1/inputs/task_03/A110_bb021_s03_4x96KABC.yaml
3	A110_B132_B155	batch_03	A110_bb021_s04	59	/scratch/brussel/vo/000/bvo00014/vsc39230/slyb/boltz_4x96_KABC_mpnn800_16x50_v1/inputs/task_03/A110_bb021_s04_4x96KABC.yaml
3	A110_B132_B155	batch_03	A110_bb021_s05	59	/scratch/brussel/vo/000/bvo00014/vsc39230/slyb/boltz_4x96_KABC_mpnn800_16x50_v1/inputs/task_03/A110_bb021_s05_4x96KABC.yaml
3	A110_B132_B155	batch_03	A110_bb021_s06	59	/scratch/brussel/vo/000/bvo00014/vsc39230/slyb/boltz_4x96_KABC_mpnn800_16x50_v1/inputs/task_03/A110_bb021_s06_4x96KABC.yaml
3	A110_B132_B155	batch_03	A110_bb021_s07	59	/scratch/brussel/vo/000/bvo00014/vsc39230/slyb/boltz_4x96_KABC_mpnn800_16x50_v1/inputs/task_03/A110_bb021_s07_4x96KABC.yaml
3	A110_B132_B155	batch_03	A110_bb021_s08	59	/scratch/brussel/vo/000/bvo00014/vsc39230/slyb/boltz_4x96_KABC_mpnn800_16x50_v1/inputs/task_03/A110_bb021_s08_4x96KABC.yaml
3	A110_B132_B155	batch_03	A110_bb022_s01	59	/scratch/brussel/vo/000/bvo00014/vsc39230/slyb/boltz_4x96_KABC_mpnn800_16x50_v1/inputs/task_03/A110_bb022_s01_4x96KABC.yaml
3	A110_B132_B155	batch_03	A110_bb022_s02	59	/scratch/brussel/vo/000/bvo00014/vsc39230/slyb/boltz_4x96_KABC_mpnn800_16x50_v1/inputs/task_03/A110_bb022_s02_4x96KABC.yaml
3	A110_B132_B155	batch_03	A110_bb022_s03	59	/scratch/brussel/vo/000/bvo00014/vsc39230/slyb/boltz_4x96_KABC_mpnn800_16x50_v1/inputs/task_03/A110_bb022_s03_4x96KABC.yaml
3	A110_B132_B155	batch_03	A110_bb022_s04	59	/scratch/brussel/vo/000/bvo00014/vsc39230/slyb/boltz_4x96_KABC_mpnn800_16x50_v1/inputs/task_03/A110_bb022_s04_4x96KABC.yaml
3	A110_B132_B155	batch_03	A110_bb022_s05	59	/scratch/brussel/vo/000/bvo00014/vsc39230/slyb/boltz_4x96_KABC_mpnn800_16x50_v1/inputs/task_03/A110_bb022_s05_4x96KABC.yaml
3	A110_B132_B155	batch_03	A110_bb022_s06	59	/scratch/brussel/vo/000/bvo00014/vsc39230/slyb/boltz_4x96_KABC_mpnn800_16x50_v1/inputs/task_03/A110_bb022_s06_4x96KABC.yaml
3	A110_B132_B155	batch_03	A110_bb022_s07	59	/scratch/brussel/vo/000/bvo00014/vsc39230/slyb/boltz_4x96_KABC_mpnn800_16x50_v1/inputs/task_03/A110_bb022_s07_4x96KABC.yaml
3	A110_B132_B155	batch_03	A110_bb022_s08	59	/scratch/brussel/vo/000/bvo00014/vsc39230/slyb/boltz_4x96_KABC_mpnn800_16x50_v1/inputs/task_03/A110_bb022_s08_4x96KABC.yaml
3	A110_B132_B155	batch_03	A110_bb023_s01	59	/scratch/brussel/vo/000/bvo00014/vsc39230/slyb/boltz_4x96_KABC_mpnn800_16x50_v1/inputs/task_03/A110_bb023_s01_4x96KABC.yaml
3	A110_B132_B155	batch_03	A110_bb023_s02	59	/scratch/brussel/vo/000/bvo00014/vsc39230/slyb/boltz_4x96_KABC_mpnn800_16x50_v1/inputs/task_03/A110_bb023_s02_4x96KABC.yaml
3	A110_B132_B155	batch_03	A110_bb023_s03	59	/scratch/brussel/vo/000/bvo00014/vsc39230/slyb/boltz_4x96_KABC_mpnn800_16x50_v1/inputs/task_03/A110_bb023_s03_4x96KABC.yaml
3	A110_B132_B155	batch_03	A110_bb023_s04	59	/scratch/brussel/vo/000/bvo00014/vsc39230/slyb/boltz_4x96_KABC_mpnn800_16x50_v1/inputs/task_03/A110_bb023_s04_4x96KABC.yaml
3	A110_B132_B155	batch_03	A110_bb023_s05	59	/scratch/brussel/vo/000/bvo00014/vsc39230/slyb/boltz_4x96_KABC_mpnn800_16x50_v1/inputs/task_03/A110_bb023_s05_4x96KABC.yaml
3	A110_B132_B155	batch_03	A110_bb023_s06	59	/scratch/brussel/vo/000/bvo00014/vsc39230/slyb/boltz_4x96_KABC_mpnn800_16x50_v1/inputs/task_03/A110_bb023_s06_4x96KABC.yaml
3	A110_B132_B155	batch_03	A110_bb023_s07	59	/scratch/brussel/vo/000/bvo00014/vsc39230/slyb/boltz_4x96_KABC_mpnn800_16x50_v1/inputs/task_03/A110_bb023_s07_4x96KABC.yaml
3	A110_B132_B155	batch_03	A110_bb023_s08	59	/scratch/brussel/vo/000/bvo00014/vsc39230/slyb/boltz_4x96_KABC_mpnn800_16x50_v1/inputs/task_03/A110_bb023_s08_4x96KABC.yaml
3	A110_B132_B155	batch_03	A110_bb024_s01	59	/scratch/brussel/vo/000/bvo00014/vsc39230/slyb/boltz_4x96_KABC_mpnn800_16x50_v1/inputs/task_03/A110_bb024_s01_4x96KABC.yaml
3	A110_B132_B155	batch_03	A110_bb024_s02	59	/scratch/brussel/vo/000/bvo00014/vsc39230/slyb/boltz_4x96_KABC_mpnn800_16x50_v1/inputs/task_03/A110_bb024_s02_4x96KABC.yaml
3	A110_B132_B155	batch_03	A110_bb024_s03	59	/scratch/brussel/vo/000/bvo00014/vsc39230/slyb/boltz_4x96_KABC_mpnn800_16x50_v1/inputs/task_03/A110_bb024_s03_4x96KABC.yaml
3	A110_B132_B155	batch_03	A110_bb024_s04	59	/scratch/brussel/vo/000/bvo00014/vsc39230/slyb/boltz_4x96_KABC_mpnn800_16x50_v1/inputs/task_03/A110_bb024_s04_4x96KABC.yaml
3	A110_B132_B155	batch_03	A110_bb024_s05	59	/scratch/brussel/vo/000/bvo00014/vsc39230/slyb/boltz_4x96_KABC_mpnn800_16x50_v1/inputs/task_03/A110_bb024_s05_4x96KABC.yaml
3	A110_B132_B155	batch_03	A110_bb024_s06	59	/scratch/brussel/vo/000/bvo00014/vsc39230/slyb/boltz_4x96_KABC_mpnn800_16x50_v1/inputs/task_03/A110_bb024_s06_4x96KABC.yaml
3	A110_B132_B155	batch_03	A110_bb024_s07	59	/scratch/brussel/vo/000/bvo00014/vsc39230/slyb/boltz_4x96_KABC_mpnn800_16x50_v1/inputs/task_03/A110_bb024_s07_4x96KABC.yaml
3	A110_B132_B155	batch_03	A110_bb024_s08	59	/scratch/brussel/vo/000/bvo00014/vsc39230/slyb/boltz_4x96_KABC_mpnn800_16x50_v1/inputs/task_03/A110_bb024_s08_4x96KABC.yaml
4	A110_B132_B155	batch_04	A110_bb025_s01	59	/scratch/brussel/vo/000/bvo00014/vsc39230/slyb/boltz_4x96_KABC_mpnn800_16x50_v1/inputs/task_04/A110_bb025_s01_4x96KABC.yaml
4	A110_B132_B155	batch_04	A110_bb025_s02	59	/scratch/brussel/vo/000/bvo00014/vsc39230/slyb/boltz_4x96_KABC_mpnn800_16x50_v1/inputs/task_04/A110_bb025_s02_4x96KABC.yaml
4	A110_B132_B155	batch_04	A110_bb025_s03	59	/scratch/brussel/vo/000/bvo00014/vsc39230/slyb/boltz_4x96_KABC_mpnn800_16x50_v1/inputs/task_04/A110_bb025_s03_4x96KABC.yaml
4	A110_B132_B155	batch_04	A110_bb025_s04	59	/scratch/brussel/vo/000/bvo00014/vsc39230/slyb/boltz_4x96_KABC_mpnn800_16x50_v1/inputs/task_04/A110_bb025_s04_4x96KABC.yaml
4	A110_B132_B155	batch_04	A110_bb025_s05	59	/scratch/brussel/vo/000/bvo00014/vsc39230/slyb/boltz_4x96_KABC_mpnn800_16x50_v1/inputs/task_04/A110_bb025_s05_4x96KABC.yaml
4	A110_B132_B155	batch_04	A110_bb025_s06	59	/scratch/brussel/vo/000/bvo00014/vsc39230/slyb/boltz_4x96_KABC_mpnn800_16x50_v1/inputs/task_04/A110_bb025_s06_4x96KABC.yaml
4	A110_B132_B155	batch_04	A110_bb025_s07	59	/scratch/brussel/vo/000/bvo00014/vsc39230/slyb/boltz_4x96_KABC_mpnn800_16x50_v1/inputs/task_04/A110_bb025_s07_4x96KABC.yaml
4	A110_B132_B155	batch_04	A110_bb025_s08	59	/scratch/brussel/vo/000/bvo00014/vsc39230/slyb/boltz_4x96_KABC_mpnn800_16x50_v1/inputs/task_04/A110_bb025_s08_4x96KABC.yaml
4	A110_B132_B155	batch_04	A110_bb026_s01	59	/scratch/brussel/vo/000/bvo00014/vsc39230/slyb/boltz_4x96_KABC_mpnn800_16x50_v1/inputs/task_04/A110_bb026_s01_4x96KABC.yaml
4	A110_B132_B155	batch_04	A110_bb026_s02	59	/scratch/brussel/vo/000/bvo00014/vsc39230/slyb/boltz_4x96_KABC_mpnn800_16x50_v1/inputs/task_04/A110_bb026_s02_4x96KABC.yaml
4	A110_B132_B155	batch_04	A110_bb026_s03	59	/scratch/brussel/vo/000/bvo00014/vsc39230/slyb/boltz_4x96_KABC_mpnn800_16x50_v1/inputs/task_04/A110_bb026_s03_4x96KABC.yaml
4	A110_B132_B155	batch_04	A110_bb026_s04	59	/scratch/brussel/vo/000/bvo00014/vsc39230/slyb/boltz_4x96_KABC_mpnn800_16x50_v1/inputs/task_04/A110_bb026_s04_4x96KABC.yaml
4	A110_B132_B155	batch_04	A110_bb026_s05	59	/scratch/brussel/vo/000/bvo00014/vsc39230/slyb/boltz_4x96_KABC_mpnn800_16x50_v1/inputs/task_04/A110_bb026_s05_4x96KABC.yaml
4	A110_B132_B155	batch_04	A110_bb026_s06	59	/scratch/brussel/vo/000/bvo00014/vsc39230/slyb/boltz_4x96_KABC_mpnn800_16x50_v1/inputs/task_04/A110_bb026_s06_4x96KABC.yaml
4	A110_B132_B155	batch_04	A110_bb026_s07	59	/scratch/brussel/vo/000/bvo00014/vsc39230/slyb/boltz_4x96_KABC_mpnn800_16x50_v1/inputs/task_04/A110_bb026_s07_4x96KABC.yaml
4	A110_B132_B155	batch_04	A110_bb026_s08	59	/scratch/brussel/vo/000/bvo00014/vsc39230/slyb/boltz_4x96_KABC_mpnn800_16x50_v1/inputs/task_04/A110_bb026_s08_4x96KABC.yaml
4	A110_B132_B155	batch_04	A110_bb027_s01	59	/scratch/brussel/vo/000/bvo00014/vsc39230/slyb/boltz_4x96_KABC_mpnn800_16x50_v1/inputs/task_04/A110_bb027_s01_4x96KABC.yaml
4	A110_B132_B155	batch_04	A110_bb027_s02	59	/scratch/brussel/vo/000/bvo00014/vsc39230/slyb/boltz_4x96_KABC_mpnn800_16x50_v1/inputs/task_04/A110_bb027_s02_4x96KABC.yaml
4	A110_B132_B155	batch_04	A110_bb027_s03	59	/scratch/brussel/vo/000/bvo00014/vsc39230/slyb/boltz_4x96_KABC_mpnn800_16x50_v1/inputs/task_04/A110_bb027_s03_4x96KABC.yaml
4	A110_B132_B155	batch_04	A110_bb027_s04	59	/scratch/brussel/vo/000/bvo00014/vsc39230/slyb/boltz_4x96_KABC_mpnn800_16x50_v1/inputs/task_04/A110_bb027_s04_4x96KABC.yaml
4	A110_B132_B155	batch_04	A110_bb027_s05	59	/scratch/brussel/vo/000/bvo00014/vsc39230/slyb/boltz_4x96_KABC_mpnn800_16x50_v1/inputs/task_04/A110_bb027_s05_4x96KABC.yaml
4	A110_B132_B155	batch_04	A110_bb027_s06	59	/scratch/brussel/vo/000/bvo00014/vsc39230/slyb/boltz_4x96_KABC_mpnn800_16x50_v1/inputs/task_04/A110_bb027_s06_4x96KABC.yaml
4	A110_B132_B155	batch_04	A110_bb027_s07	59	/scratch/brussel/vo/000/bvo00014/vsc39230/slyb/boltz_4x96_KABC_mpnn800_16x50_v1/inputs/task_04/A110_bb027_s07_4x96KABC.yaml
4	A110_B132_B155	batch_04	A110_bb027_s08	59	/scratch/brussel/vo/000/bvo00014/vsc39230/slyb/boltz_4x96_KABC_mpnn800_16x50_v1/inputs/task_04/A110_bb027_s08_4x96KABC.yaml
4	A110_B132_B155	batch_04	A110_bb028_s01	59	/scratch/brussel/vo/000/bvo00014/vsc39230/slyb/boltz_4x96_KABC_mpnn800_16x50_v1/inputs/task_04/A110_bb028_s01_4x96KABC.yaml
4	A110_B132_B155	batch_04	A110_bb028_s02	59	/scratch/brussel/vo/000/bvo00014/vsc39230/slyb/boltz_4x96_KABC_mpnn800_16x50_v1/inputs/task_04/A110_bb028_s02_4x96KABC.yaml
4	A110_B132_B155	batch_04	A110_bb028_s03	59	/scratch/brussel/vo/000/bvo00014/vsc39230/slyb/boltz_4x96_KABC_mpnn800_16x50_v1/inputs/task_04/A110_bb028_s03_4x96KABC.yaml
4	A110_B132_B155	batch_04	A110_bb028_s04	59	/scratch/brussel/vo/000/bvo00014/vsc39230/slyb/boltz_4x96_KABC_mpnn800_16x50_v1/inputs/task_04/A110_bb028_s04_4x96KABC.yaml
4	A110_B132_B155	batch_04	A110_bb028_s05	59	/scratch/brussel/vo/000/bvo00014/vsc39230/slyb/boltz_4x96_KABC_mpnn800_16x50_v1/inputs/task_04/A110_bb028_s05_4x96KABC.yaml
4	A110_B132_B155	batch_04	A110_bb028_s06	59	/scratch/brussel/vo/000/bvo00014/vsc39230/slyb/boltz_4x96_KABC_mpnn800_16x50_v1/inputs/task_04/A110_bb028_s06_4x96KABC.yaml
4	A110_B132_B155	batch_04	A110_bb028_s07	59	/scratch/brussel/vo/000/bvo00014/vsc39230/slyb/boltz_4x96_KABC_mpnn800_16x50_v1/inputs/task_04/A110_bb028_s07_4x96KABC.yaml
4	A110_B132_B155	batch_04	A110_bb028_s08	59	/scratch/brussel/vo/000/bvo00014/vsc39230/slyb/boltz_4x96_KABC_mpnn800_16x50_v1/inputs/task_04/A110_bb028_s08_4x96KABC.yaml
4	A110_B132_B155	batch_04	A110_bb029_s01	59	/scratch/brussel/vo/000/bvo00014/vsc39230/slyb/boltz_4x96_KABC_mpnn800_16x50_v1/inputs/task_04/A110_bb029_s01_4x96KABC.yaml
4	A110_B132_B155	batch_04	A110_bb029_s02	59	/scratch/brussel/vo/000/bvo00014/vsc39230/slyb/boltz_4x96_KABC_mpnn800_16x50_v1/inputs/task_04/A110_bb029_s02_4x96KABC.yaml
4	A110_B132_B155	batch_04	A110_bb029_s03	59	/scratch/brussel/vo/000/bvo00014/vsc39230/slyb/boltz_4x96_KABC_mpnn800_16x50_v1/inputs/task_04/A110_bb029_s03_4x96KABC.yaml
4	A110_B132_B155	batch_04	A110_bb029_s04	59	/scratch/brussel/vo/000/bvo00014/vsc39230/slyb/boltz_4x96_KABC_mpnn800_16x50_v1/inputs/task_04/A110_bb029_s04_4x96KABC.yaml
4	A110_B132_B155	batch_04	A110_bb029_s05	59	/scratch/brussel/vo/000/bvo00014/vsc39230/slyb/boltz_4x96_KABC_mpnn800_16x50_v1/inputs/task_04/A110_bb029_s05_4x96KABC.yaml
4	A110_B132_B155	batch_04	A110_bb029_s06	59	/scratch/brussel/vo/000/bvo00014/vsc39230/slyb/boltz_4x96_KABC_mpnn800_16x50_v1/inputs/task_04/A110_bb029_s06_4x96KABC.yaml
4	A110_B132_B155	batch_04	A110_bb029_s07	59	/scratch/brussel/vo/000/bvo00014/vsc39230/slyb/boltz_4x96_KABC_mpnn800_16x50_v1/inputs/task_04/A110_bb029_s07_4x96KABC.yaml
4	A110_B132_B155	batch_04	A110_bb029_s08	59	/scratch/brussel/vo/000/bvo00014/vsc39230/slyb/boltz_4x96_KABC_mpnn800_16x50_v1/inputs/task_04/A110_bb029_s08_4x96KABC.yaml
4	A110_B132_B155	batch_04	A110_bb030_s01	62	/scratch/brussel/vo/000/bvo00014/vsc39230/slyb/boltz_4x96_KABC_mpnn800_16x50_v1/inputs/task_04/A110_bb030_s01_4x96KABC.yaml
4	A110_B132_B155	batch_04	A110_bb030_s02	62	/scratch/brussel/vo/000/bvo00014/vsc39230/slyb/boltz_4x96_KABC_mpnn800_16x50_v1/inputs/task_04/A110_bb030_s02_4x96KABC.yaml
4	A110_B132_B155	batch_04	A110_bb030_s03	62	/scratch/brussel/vo/000/bvo00014/vsc39230/slyb/boltz_4x96_KABC_mpnn800_16x50_v1/inputs/task_04/A110_bb030_s03_4x96KABC.yaml
4	A110_B132_B155	batch_04	A110_bb030_s04	62	/scratch/brussel/vo/000/bvo00014/vsc39230/slyb/boltz_4x96_KABC_mpnn800_16x50_v1/inputs/task_04/A110_bb030_s04_4x96KABC.yaml
4	A110_B132_B155	batch_04	A110_bb030_s05	62	/scratch/brussel/vo/000/bvo00014/vsc39230/slyb/boltz_4x96_KABC_mpnn800_16x50_v1/inputs/task_04/A110_bb030_s05_4x96KABC.yaml
4	A110_B132_B155	batch_04	A110_bb030_s06	62	/scratch/brussel/vo/000/bvo00014/vsc39230/slyb/boltz_4x96_KABC_mpnn800_16x50_v1/inputs/task_04/A110_bb030_s06_4x96KABC.yaml
4	A110_B132_B155	batch_04	A110_bb030_s07	62	/scratch/brussel/vo/000/bvo00014/vsc39230/slyb/boltz_4x96_KABC_mpnn800_16x50_v1/inputs/task_04/A110_bb030_s07_4x96KABC.yaml
4	A110_B132_B155	batch_04	A110_bb030_s08	62	/scratch/brussel/vo/000/bvo00014/vsc39230/slyb/boltz_4x96_KABC_mpnn800_16x50_v1/inputs/task_04/A110_bb030_s08_4x96KABC.yaml
4	A110_B132_B155	batch_04	A110_bb031_s01	62	/scratch/brussel/vo/000/bvo00014/vsc39230/slyb/boltz_4x96_KABC_mpnn800_16x50_v1/inputs/task_04/A110_bb031_s01_4x96KABC.yaml
4	A110_B132_B155	batch_04	A110_bb031_s02	62	/scratch/brussel/vo/000/bvo00014/vsc39230/slyb/boltz_4x96_KABC_mpnn800_16x50_v1/inputs/task_04/A110_bb031_s02_4x96KABC.yaml
5	A110_B132_B155	batch_05	A110_bb031_s03	62	/scratch/brussel/vo/000/bvo00014/vsc39230/slyb/boltz_4x96_KABC_mpnn800_16x50_v1/inputs/task_05/A110_bb031_s03_4x96KABC.yaml
5	A110_B132_B155	batch_05	A110_bb031_s04	62	/scratch/brussel/vo/000/bvo00014/vsc39230/slyb/boltz_4x96_KABC_mpnn800_16x50_v1/inputs/task_05/A110_bb031_s04_4x96KABC.yaml
5	A110_B132_B155	batch_05	A110_bb031_s05	62	/scratch/brussel/vo/000/bvo00014/vsc39230/slyb/boltz_4x96_KABC_mpnn800_16x50_v1/inputs/task_05/A110_bb031_s05_4x96KABC.yaml
5	A110_B132_B155	batch_05	A110_bb031_s06	62	/scratch/brussel/vo/000/bvo00014/vsc39230/slyb/boltz_4x96_KABC_mpnn800_16x50_v1/inputs/task_05/A110_bb031_s06_4x96KABC.yaml
5	A110_B132_B155	batch_05	A110_bb031_s07	62	/scratch/brussel/vo/000/bvo00014/vsc39230/slyb/boltz_4x96_KABC_mpnn800_16x50_v1/inputs/task_05/A110_bb031_s07_4x96KABC.yaml
5	A110_B132_B155	batch_05	A110_bb031_s08	62	/scratch/brussel/vo/000/bvo00014/vsc39230/slyb/boltz_4x96_KABC_mpnn800_16x50_v1/inputs/task_05/A110_bb031_s08_4x96KABC.yaml
5	A110_B132_B155	batch_05	A110_bb032_s01	62	/scratch/brussel/vo/000/bvo00014/vsc39230/slyb/boltz_4x96_KABC_mpnn800_16x50_v1/inputs/task_05/A110_bb032_s01_4x96KABC.yaml
5	A110_B132_B155	batch_05	A110_bb032_s02	62	/scratch/brussel/vo/000/bvo00014/vsc39230/slyb/boltz_4x96_KABC_mpnn800_16x50_v1/inputs/task_05/A110_bb032_s02_4x96KABC.yaml
5	A110_B132_B155	batch_05	A110_bb032_s03	62	/scratch/brussel/vo/000/bvo00014/vsc39230/slyb/boltz_4x96_KABC_mpnn800_16x50_v1/inputs/task_05/A110_bb032_s03_4x96KABC.yaml
5	A110_B132_B155	batch_05	A110_bb032_s04	62	/scratch/brussel/vo/000/bvo00014/vsc39230/slyb/boltz_4x96_KABC_mpnn800_16x50_v1/inputs/task_05/A110_bb032_s04_4x96KABC.yaml
5	A110_B132_B155	batch_05	A110_bb032_s05	62	/scratch/brussel/vo/000/bvo00014/vsc39230/slyb/boltz_4x96_KABC_mpnn800_16x50_v1/inputs/task_05/A110_bb032_s05_4x96KABC.yaml
5	A110_B132_B155	batch_05	A110_bb032_s06	62	/scratch/brussel/vo/000/bvo00014/vsc39230/slyb/boltz_4x96_KABC_mpnn800_16x50_v1/inputs/task_05/A110_bb032_s06_4x96KABC.yaml
5	A110_B132_B155	batch_05	A110_bb032_s07	62	/scratch/brussel/vo/000/bvo00014/vsc39230/slyb/boltz_4x96_KABC_mpnn800_16x50_v1/inputs/task_05/A110_bb032_s07_4x96KABC.yaml
5	A110_B132_B155	batch_05	A110_bb032_s08	62	/scratch/brussel/vo/000/bvo00014/vsc39230/slyb/boltz_4x96_KABC_mpnn800_16x50_v1/inputs/task_05/A110_bb032_s08_4x96KABC.yaml
5	A110_B132_B155	batch_05	A110_bb033_s01	62	/scratch/brussel/vo/000/bvo00014/vsc39230/slyb/boltz_4x96_KABC_mpnn800_16x50_v1/inputs/task_05/A110_bb033_s01_4x96KABC.yaml
5	A110_B132_B155	batch_05	A110_bb033_s02	62	/scratch/brussel/vo/000/bvo00014/vsc39230/slyb/boltz_4x96_KABC_mpnn800_16x50_v1/inputs/task_05/A110_bb033_s02_4x96KABC.yaml
5	A110_B132_B155	batch_05	A110_bb033_s03	62	/scratch/brussel/vo/000/bvo00014/vsc39230/slyb/boltz_4x96_KABC_mpnn800_16x50_v1/inputs/task_05/A110_bb033_s03_4x96KABC.yaml
5	A110_B132_B155	batch_05	A110_bb033_s04	62	/scratch/brussel/vo/000/bvo00014/vsc39230/slyb/boltz_4x96_KABC_mpnn800_16x50_v1/inputs/task_05/A110_bb033_s04_4x96KABC.yaml
5	A110_B132_B155	batch_05	A110_bb033_s05	62	/scratch/brussel/vo/000/bvo00014/vsc39230/slyb/boltz_4x96_KABC_mpnn800_16x50_v1/inputs/task_05/A110_bb033_s05_4x96KABC.yaml
5	A110_B132_B155	batch_05	A110_bb033_s06	62	/scratch/brussel/vo/000/bvo00014/vsc39230/slyb/boltz_4x96_KABC_mpnn800_16x50_v1/inputs/task_05/A110_bb033_s06_4x96KABC.yaml
5	A110_B132_B155	batch_05	A110_bb033_s07	62	/scratch/brussel/vo/000/bvo00014/vsc39230/slyb/boltz_4x96_KABC_mpnn800_16x50_v1/inputs/task_05/A110_bb033_s07_4x96KABC.yaml
5	A110_B132_B155	batch_05	A110_bb033_s08	62	/scratch/brussel/vo/000/bvo00014/vsc39230/slyb/boltz_4x96_KABC_mpnn800_16x50_v1/inputs/task_05/A110_bb033_s08_4x96KABC.yaml
5	A110_B132_B155	batch_05	A110_bb034_s01	62	/scratch/brussel/vo/000/bvo00014/vsc39230/slyb/boltz_4x96_KABC_mpnn800_16x50_v1/inputs/task_05/A110_bb034_s01_4x96KABC.yaml
5	A110_B132_B155	batch_05	A110_bb034_s02	62	/scratch/brussel/vo/000/bvo00014/vsc39230/slyb/boltz_4x96_KABC_mpnn800_16x50_v1/inputs/task_05/A110_bb034_s02_4x96KABC.yaml
5	A110_B132_B155	batch_05	A110_bb034_s03	62	/scratch/brussel/vo/000/bvo00014/vsc39230/slyb/boltz_4x96_KABC_mpnn800_16x50_v1/inputs/task_05/A110_bb034_s03_4x96KABC.yaml
5	A110_B132_B155	batch_05	A110_bb034_s04	62	/scratch/brussel/vo/000/bvo00014/vsc39230/slyb/boltz_4x96_KABC_mpnn800_16x50_v1/inputs/task_05/A110_bb034_s04_4x96KABC.yaml
5	A110_B132_B155	batch_05	A110_bb034_s05	62	/scratch/brussel/vo/000/bvo00014/vsc39230/slyb/boltz_4x96_KABC_mpnn800_16x50_v1/inputs/task_05/A110_bb034_s05_4x96KABC.yaml
5	A110_B132_B155	batch_05	A110_bb034_s06	62	/scratch/brussel/vo/000/bvo00014/vsc39230/slyb/boltz_4x96_KABC_mpnn800_16x50_v1/inputs/task_05/A110_bb034_s06_4x96KABC.yaml
5	A110_B132_B155	batch_05	A110_bb034_s07	62	/scratch/brussel/vo/000/bvo00014/vsc39230/slyb/boltz_4x96_KABC_mpnn800_16x50_v1/inputs/task_05/A110_bb034_s07_4x96KABC.yaml
5	A110_B132_B155	batch_05	A110_bb034_s08	62	/scratch/brussel/vo/000/bvo00014/vsc39230/slyb/boltz_4x96_KABC_mpnn800_16x50_v1/inputs/task_05/A110_bb034_s08_4x96KABC.yaml
5	A110_B132_B155	batch_05	A110_bb035_s01	62	/scratch/brussel/vo/000/bvo00014/vsc39230/slyb/boltz_4x96_KABC_mpnn800_16x50_v1/inputs/task_05/A110_bb035_s01_4x96KABC.yaml
5	A110_B132_B155	batch_05	A110_bb035_s02	62	/scratch/brussel/vo/000/bvo00014/vsc39230/slyb/boltz_4x96_KABC_mpnn800_16x50_v1/inputs/task_05/A110_bb035_s02_4x96KABC.yaml
5	A110_B132_B155	batch_05	A110_bb035_s03	62	/scratch/brussel/vo/000/bvo00014/vsc39230/slyb/boltz_4x96_KABC_mpnn800_16x50_v1/inputs/task_05/A110_bb035_s03_4x96KABC.yaml
5	A110_B132_B155	batch_05	A110_bb035_s04	62	/scratch/brussel/vo/000/bvo00014/vsc39230/slyb/boltz_4x96_KABC_mpnn800_16x50_v1/inputs/task_05/A110_bb035_s04_4x96KABC.yaml
5	A110_B132_B155	batch_05	A110_bb035_s05	62	/scratch/brussel/vo/000/bvo00014/vsc39230/slyb/boltz_4x96_KABC_mpnn800_16x50_v1/inputs/task_05/A110_bb035_s05_4x96KABC.yaml
5	A110_B132_B155	batch_05	A110_bb035_s06	62	/scratch/brussel/vo/000/bvo00014/vsc39230/slyb/boltz_4x96_KABC_mpnn800_16x50_v1/inputs/task_05/A110_bb035_s06_4x96KABC.yaml
5	A110_B132_B155	batch_05	A110_bb035_s07	62	/scratch/brussel/vo/000/bvo00014/vsc39230/slyb/boltz_4x96_KABC_mpnn800_16x50_v1/inputs/task_05/A110_bb035_s07_4x96KABC.yaml
5	A110_B132_B155	batch_05	A110_bb035_s08	62	/scratch/brussel/vo/000/bvo00014/vsc39230/slyb/boltz_4x96_KABC_mpnn800_16x50_v1/inputs/task_05/A110_bb035_s08_4x96KABC.yaml
5	A110_B132_B155	batch_05	A110_bb036_s01	62	/scratch/brussel/vo/000/bvo00014/vsc39230/slyb/boltz_4x96_KABC_mpnn800_16x50_v1/inputs/task_05/A110_bb036_s01_4x96KABC.yaml
5	A110_B132_B155	batch_05	A110_bb036_s02	62	/scratch/brussel/vo/000/bvo00014/vsc39230/slyb/boltz_4x96_KABC_mpnn800_16x50_v1/inputs/task_05/A110_bb036_s02_4x96KABC.yaml
5	A110_B132_B155	batch_05	A110_bb036_s03	62	/scratch/brussel/vo/000/bvo00014/vsc39230/slyb/boltz_4x96_KABC_mpnn800_16x50_v1/inputs/task_05/A110_bb036_s03_4x96KABC.yaml
5	A110_B132_B155	batch_05	A110_bb036_s04	62	/scratch/brussel/vo/000/bvo00014/vsc39230/slyb/boltz_4x96_KABC_mpnn800_16x50_v1/inputs/task_05/A110_bb036_s04_4x96KABC.yaml
5	A110_B132_B155	batch_05	A110_bb036_s05	62	/scratch/brussel/vo/000/bvo00014/vsc39230/slyb/boltz_4x96_KABC_mpnn800_16x50_v1/inputs/task_05/A110_bb036_s05_4x96KABC.yaml
5	A110_B132_B155	batch_05	A110_bb036_s06	62	/scratch/brussel/vo/000/bvo00014/vsc39230/slyb/boltz_4x96_KABC_mpnn800_16x50_v1/inputs/task_05/A110_bb036_s06_4x96KABC.yaml
5	A110_B132_B155	batch_05	A110_bb036_s07	62	/scratch/brussel/vo/000/bvo00014/vsc39230/slyb/boltz_4x96_KABC_mpnn800_16x50_v1/inputs/task_05/A110_bb036_s07_4x96KABC.yaml
5	A110_B132_B155	batch_05	A110_bb036_s08	62	/scratch/brussel/vo/000/bvo00014/vsc39230/slyb/boltz_4x96_KABC_mpnn800_16x50_v1/inputs/task_05/A110_bb036_s08_4x96KABC.yaml
5	A110_B132_B155	batch_05	A110_bb037_s01	62	/scratch/brussel/vo/000/bvo00014/vsc39230/slyb/boltz_4x96_KABC_mpnn800_16x50_v1/inputs/task_05/A110_bb037_s01_4x96KABC.yaml
5	A110_B132_B155	batch_05	A110_bb037_s02	62	/scratch/brussel/vo/000/bvo00014/vsc39230/slyb/boltz_4x96_KABC_mpnn800_16x50_v1/inputs/task_05/A110_bb037_s02_4x96KABC.yaml
5	A110_B132_B155	batch_05	A110_bb037_s03	62	/scratch/brussel/vo/000/bvo00014/vsc39230/slyb/boltz_4x96_KABC_mpnn800_16x50_v1/inputs/task_05/A110_bb037_s03_4x96KABC.yaml
5	A110_B132_B155	batch_05	A110_bb037_s04	62	/scratch/brussel/vo/000/bvo00014/vsc39230/slyb/boltz_4x96_KABC_mpnn800_16x50_v1/inputs/task_05/A110_bb037_s04_4x96KABC.yaml
6	A110_B132_B155	batch_06	A110_bb037_s05	62	/scratch/brussel/vo/000/bvo00014/vsc39230/slyb/boltz_4x96_KABC_mpnn800_16x50_v1/inputs/task_06/A110_bb037_s05_4x96KABC.yaml
6	A110_B132_B155	batch_06	A110_bb037_s06	62	/scratch/brussel/vo/000/bvo00014/vsc39230/slyb/boltz_4x96_KABC_mpnn800_16x50_v1/inputs/task_06/A110_bb037_s06_4x96KABC.yaml
6	A110_B132_B155	batch_06	A110_bb037_s07	62	/scratch/brussel/vo/000/bvo00014/vsc39230/slyb/boltz_4x96_KABC_mpnn800_16x50_v1/inputs/task_06/A110_bb037_s07_4x96KABC.yaml
6	A110_B132_B155	batch_06	A110_bb037_s08	62	/scratch/brussel/vo/000/bvo00014/vsc39230/slyb/boltz_4x96_KABC_mpnn800_16x50_v1/inputs/task_06/A110_bb037_s08_4x96KABC.yaml
6	A110_B132_B155	batch_06	A110_bb038_s01	62	/scratch/brussel/vo/000/bvo00014/vsc39230/slyb/boltz_4x96_KABC_mpnn800_16x50_v1/inputs/task_06/A110_bb038_s01_4x96KABC.yaml
6	A110_B132_B155	batch_06	A110_bb038_s02	62	/scratch/brussel/vo/000/bvo00014/vsc39230/slyb/boltz_4x96_KABC_mpnn800_16x50_v1/inputs/task_06/A110_bb038_s02_4x96KABC.yaml
6	A110_B132_B155	batch_06	A110_bb038_s03	62	/scratch/brussel/vo/000/bvo00014/vsc39230/slyb/boltz_4x96_KABC_mpnn800_16x50_v1/inputs/task_06/A110_bb038_s03_4x96KABC.yaml
6	A110_B132_B155	batch_06	A110_bb038_s04	62	/scratch/brussel/vo/000/bvo00014/vsc39230/slyb/boltz_4x96_KABC_mpnn800_16x50_v1/inputs/task_06/A110_bb038_s04_4x96KABC.yaml
6	A110_B132_B155	batch_06	A110_bb038_s05	62	/scratch/brussel/vo/000/bvo00014/vsc39230/slyb/boltz_4x96_KABC_mpnn800_16x50_v1/inputs/task_06/A110_bb038_s05_4x96KABC.yaml
6	A110_B132_B155	batch_06	A110_bb038_s06	62	/scratch/brussel/vo/000/bvo00014/vsc39230/slyb/boltz_4x96_KABC_mpnn800_16x50_v1/inputs/task_06/A110_bb038_s06_4x96KABC.yaml
6	A110_B132_B155	batch_06	A110_bb038_s07	62	/scratch/brussel/vo/000/bvo00014/vsc39230/slyb/boltz_4x96_KABC_mpnn800_16x50_v1/inputs/task_06/A110_bb038_s07_4x96KABC.yaml
6	A110_B132_B155	batch_06	A110_bb038_s08	62	/scratch/brussel/vo/000/bvo00014/vsc39230/slyb/boltz_4x96_KABC_mpnn800_16x50_v1/inputs/task_06/A110_bb038_s08_4x96KABC.yaml
6	A110_B132_B155	batch_06	A110_bb039_s01	62	/scratch/brussel/vo/000/bvo00014/vsc39230/slyb/boltz_4x96_KABC_mpnn800_16x50_v1/inputs/task_06/A110_bb039_s01_4x96KABC.yaml
6	A110_B132_B155	batch_06	A110_bb039_s02	62	/scratch/brussel/vo/000/bvo00014/vsc39230/slyb/boltz_4x96_KABC_mpnn800_16x50_v1/inputs/task_06/A110_bb039_s02_4x96KABC.yaml
6	A110_B132_B155	batch_06	A110_bb039_s03	62	/scratch/brussel/vo/000/bvo00014/vsc39230/slyb/boltz_4x96_KABC_mpnn800_16x50_v1/inputs/task_06/A110_bb039_s03_4x96KABC.yaml
6	A110_B132_B155	batch_06	A110_bb039_s04	62	/scratch/brussel/vo/000/bvo00014/vsc39230/slyb/boltz_4x96_KABC_mpnn800_16x50_v1/inputs/task_06/A110_bb039_s04_4x96KABC.yaml
6	A110_B132_B155	batch_06	A110_bb039_s05	62	/scratch/brussel/vo/000/bvo00014/vsc39230/slyb/boltz_4x96_KABC_mpnn800_16x50_v1/inputs/task_06/A110_bb039_s05_4x96KABC.yaml
6	A110_B132_B155	batch_06	A110_bb039_s06	62	/scratch/brussel/vo/000/bvo00014/vsc39230/slyb/boltz_4x96_KABC_mpnn800_16x50_v1/inputs/task_06/A110_bb039_s06_4x96KABC.yaml
6	A110_B132_B155	batch_06	A110_bb039_s07	62	/scratch/brussel/vo/000/bvo00014/vsc39230/slyb/boltz_4x96_KABC_mpnn800_16x50_v1/inputs/task_06/A110_bb039_s07_4x96KABC.yaml
6	A110_B132_B155	batch_06	A110_bb039_s08	62	/scratch/brussel/vo/000/bvo00014/vsc39230/slyb/boltz_4x96_KABC_mpnn800_16x50_v1/inputs/task_06/A110_bb039_s08_4x96KABC.yaml
6	A110_B132_B155	batch_06	A110_bb040_s01	61	/scratch/brussel/vo/000/bvo00014/vsc39230/slyb/boltz_4x96_KABC_mpnn800_16x50_v1/inputs/task_06/A110_bb040_s01_4x96KABC.yaml
6	A110_B132_B155	batch_06	A110_bb040_s02	61	/scratch/brussel/vo/000/bvo00014/vsc39230/slyb/boltz_4x96_KABC_mpnn800_16x50_v1/inputs/task_06/A110_bb040_s02_4x96KABC.yaml
6	A110_B132_B155	batch_06	A110_bb040_s03	61	/scratch/brussel/vo/000/bvo00014/vsc39230/slyb/boltz_4x96_KABC_mpnn800_16x50_v1/inputs/task_06/A110_bb040_s03_4x96KABC.yaml
6	A110_B132_B155	batch_06	A110_bb040_s04	61	/scratch/brussel/vo/000/bvo00014/vsc39230/slyb/boltz_4x96_KABC_mpnn800_16x50_v1/inputs/task_06/A110_bb040_s04_4x96KABC.yaml
6	A110_B132_B155	batch_06	A110_bb040_s05	61	/scratch/brussel/vo/000/bvo00014/vsc39230/slyb/boltz_4x96_KABC_mpnn800_16x50_v1/inputs/task_06/A110_bb040_s05_4x96KABC.yaml
6	A110_B132_B155	batch_06	A110_bb040_s06	61	/scratch/brussel/vo/000/bvo00014/vsc39230/slyb/boltz_4x96_KABC_mpnn800_16x50_v1/inputs/task_06/A110_bb040_s06_4x96KABC.yaml
6	A110_B132_B155	batch_06	A110_bb040_s07	61	/scratch/brussel/vo/000/bvo00014/vsc39230/slyb/boltz_4x96_KABC_mpnn800_16x50_v1/inputs/task_06/A110_bb040_s07_4x96KABC.yaml
6	A110_B132_B155	batch_06	A110_bb040_s08	61	/scratch/brussel/vo/000/bvo00014/vsc39230/slyb/boltz_4x96_KABC_mpnn800_16x50_v1/inputs/task_06/A110_bb040_s08_4x96KABC.yaml
6	A110_B132_B155	batch_06	A110_bb041_s01	61	/scratch/brussel/vo/000/bvo00014/vsc39230/slyb/boltz_4x96_KABC_mpnn800_16x50_v1/inputs/task_06/A110_bb041_s01_4x96KABC.yaml
6	A110_B132_B155	batch_06	A110_bb041_s02	61	/scratch/brussel/vo/000/bvo00014/vsc39230/slyb/boltz_4x96_KABC_mpnn800_16x50_v1/inputs/task_06/A110_bb041_s02_4x96KABC.yaml
6	A110_B132_B155	batch_06	A110_bb041_s03	61	/scratch/brussel/vo/000/bvo00014/vsc39230/slyb/boltz_4x96_KABC_mpnn800_16x50_v1/inputs/task_06/A110_bb041_s03_4x96KABC.yaml
6	A110_B132_B155	batch_06	A110_bb041_s04	61	/scratch/brussel/vo/000/bvo00014/vsc39230/slyb/boltz_4x96_KABC_mpnn800_16x50_v1/inputs/task_06/A110_bb041_s04_4x96KABC.yaml
6	A110_B132_B155	batch_06	A110_bb041_s05	61	/scratch/brussel/vo/000/bvo00014/vsc39230/slyb/boltz_4x96_KABC_mpnn800_16x50_v1/inputs/task_06/A110_bb041_s05_4x96KABC.yaml
6	A110_B132_B155	batch_06	A110_bb041_s06	61	/scratch/brussel/vo/000/bvo00014/vsc39230/slyb/boltz_4x96_KABC_mpnn800_16x50_v1/inputs/task_06/A110_bb041_s06_4x96KABC.yaml
6	A110_B132_B155	batch_06	A110_bb041_s07	61	/scratch/brussel/vo/000/bvo00014/vsc39230/slyb/boltz_4x96_KABC_mpnn800_16x50_v1/inputs/task_06/A110_bb041_s07_4x96KABC.yaml
6	A110_B132_B155	batch_06	A110_bb041_s08	61	/scratch/brussel/vo/000/bvo00014/vsc39230/slyb/boltz_4x96_KABC_mpnn800_16x50_v1/inputs/task_06/A110_bb041_s08_4x96KABC.yaml
6	A110_B132_B155	batch_06	A110_bb042_s01	61	/scratch/brussel/vo/000/bvo00014/vsc39230/slyb/boltz_4x96_KABC_mpnn800_16x50_v1/inputs/task_06/A110_bb042_s01_4x96KABC.yaml
6	A110_B132_B155	batch_06	A110_bb042_s02	61	/scratch/brussel/vo/000/bvo00014/vsc39230/slyb/boltz_4x96_KABC_mpnn800_16x50_v1/inputs/task_06/A110_bb042_s02_4x96KABC.yaml
6	A110_B132_B155	batch_06	A110_bb042_s03	61	/scratch/brussel/vo/000/bvo00014/vsc39230/slyb/boltz_4x96_KABC_mpnn800_16x50_v1/inputs/task_06/A110_bb042_s03_4x96KABC.yaml
6	A110_B132_B155	batch_06	A110_bb042_s04	61	/scratch/brussel/vo/000/bvo00014/vsc39230/slyb/boltz_4x96_KABC_mpnn800_16x50_v1/inputs/task_06/A110_bb042_s04_4x96KABC.yaml
6	A110_B132_B155	batch_06	A110_bb042_s05	61	/scratch/brussel/vo/000/bvo00014/vsc39230/slyb/boltz_4x96_KABC_mpnn800_16x50_v1/inputs/task_06/A110_bb042_s05_4x96KABC.yaml
6	A110_B132_B155	batch_06	A110_bb042_s06	61	/scratch/brussel/vo/000/bvo00014/vsc39230/slyb/boltz_4x96_KABC_mpnn800_16x50_v1/inputs/task_06/A110_bb042_s06_4x96KABC.yaml
6	A110_B132_B155	batch_06	A110_bb042_s07	61	/scratch/brussel/vo/000/bvo00014/vsc39230/slyb/boltz_4x96_KABC_mpnn800_16x50_v1/inputs/task_06/A110_bb042_s07_4x96KABC.yaml
6	A110_B132_B155	batch_06	A110_bb042_s08	61	/scratch/brussel/vo/000/bvo00014/vsc39230/slyb/boltz_4x96_KABC_mpnn800_16x50_v1/inputs/task_06/A110_bb042_s08_4x96KABC.yaml
6	A110_B132_B155	batch_06	A110_bb043_s01	61	/scratch/brussel/vo/000/bvo00014/vsc39230/slyb/boltz_4x96_KABC_mpnn800_16x50_v1/inputs/task_06/A110_bb043_s01_4x96KABC.yaml
6	A110_B132_B155	batch_06	A110_bb043_s02	61	/scratch/brussel/vo/000/bvo00014/vsc39230/slyb/boltz_4x96_KABC_mpnn800_16x50_v1/inputs/task_06/A110_bb043_s02_4x96KABC.yaml
6	A110_B132_B155	batch_06	A110_bb043_s03	61	/scratch/brussel/vo/000/bvo00014/vsc39230/slyb/boltz_4x96_KABC_mpnn800_16x50_v1/inputs/task_06/A110_bb043_s03_4x96KABC.yaml
6	A110_B132_B155	batch_06	A110_bb043_s04	61	/scratch/brussel/vo/000/bvo00014/vsc39230/slyb/boltz_4x96_KABC_mpnn800_16x50_v1/inputs/task_06/A110_bb043_s04_4x96KABC.yaml
6	A110_B132_B155	batch_06	A110_bb043_s05	61	/scratch/brussel/vo/000/bvo00014/vsc39230/slyb/boltz_4x96_KABC_mpnn800_16x50_v1/inputs/task_06/A110_bb043_s05_4x96KABC.yaml
6	A110_B132_B155	batch_06	A110_bb043_s06	61	/scratch/brussel/vo/000/bvo00014/vsc39230/slyb/boltz_4x96_KABC_mpnn800_16x50_v1/inputs/task_06/A110_bb043_s06_4x96KABC.yaml
7	A110_B132_B155	batch_07	A110_bb043_s07	61	/scratch/brussel/vo/000/bvo00014/vsc39230/slyb/boltz_4x96_KABC_mpnn800_16x50_v1/inputs/task_07/A110_bb043_s07_4x96KABC.yaml
7	A110_B132_B155	batch_07	A110_bb043_s08	61	/scratch/brussel/vo/000/bvo00014/vsc39230/slyb/boltz_4x96_KABC_mpnn800_16x50_v1/inputs/task_07/A110_bb043_s08_4x96KABC.yaml
7	A110_B132_B155	batch_07	A110_bb044_s01	61	/scratch/brussel/vo/000/bvo00014/vsc39230/slyb/boltz_4x96_KABC_mpnn800_16x50_v1/inputs/task_07/A110_bb044_s01_4x96KABC.yaml
7	A110_B132_B155	batch_07	A110_bb044_s02	61	/scratch/brussel/vo/000/bvo00014/vsc39230/slyb/boltz_4x96_KABC_mpnn800_16x50_v1/inputs/task_07/A110_bb044_s02_4x96KABC.yaml
7	A110_B132_B155	batch_07	A110_bb044_s03	61	/scratch/brussel/vo/000/bvo00014/vsc39230/slyb/boltz_4x96_KABC_mpnn800_16x50_v1/inputs/task_07/A110_bb044_s03_4x96KABC.yaml
7	A110_B132_B155	batch_07	A110_bb044_s04	61	/scratch/brussel/vo/000/bvo00014/vsc39230/slyb/boltz_4x96_KABC_mpnn800_16x50_v1/inputs/task_07/A110_bb044_s04_4x96KABC.yaml
7	A110_B132_B155	batch_07	A110_bb044_s05	61	/scratch/brussel/vo/000/bvo00014/vsc39230/slyb/boltz_4x96_KABC_mpnn800_16x50_v1/inputs/task_07/A110_bb044_s05_4x96KABC.yaml
7	A110_B132_B155	batch_07	A110_bb044_s06	61	/scratch/brussel/vo/000/bvo00014/vsc39230/slyb/boltz_4x96_KABC_mpnn800_16x50_v1/inputs/task_07/A110_bb044_s06_4x96KABC.yaml
7	A110_B132_B155	batch_07	A110_bb044_s07	61	/scratch/brussel/vo/000/bvo00014/vsc39230/slyb/boltz_4x96_KABC_mpnn800_16x50_v1/inputs/task_07/A110_bb044_s07_4x96KABC.yaml
7	A110_B132_B155	batch_07	A110_bb044_s08	61	/scratch/brussel/vo/000/bvo00014/vsc39230/slyb/boltz_4x96_KABC_mpnn800_16x50_v1/inputs/task_07/A110_bb044_s08_4x96KABC.yaml
7	A110_B132_B155	batch_07	A110_bb045_s01	61	/scratch/brussel/vo/000/bvo00014/vsc39230/slyb/boltz_4x96_KABC_mpnn800_16x50_v1/inputs/task_07/A110_bb045_s01_4x96KABC.yaml
7	A110_B132_B155	batch_07	A110_bb045_s02	61	/scratch/brussel/vo/000/bvo00014/vsc39230/slyb/boltz_4x96_KABC_mpnn800_16x50_v1/inputs/task_07/A110_bb045_s02_4x96KABC.yaml
7	A110_B132_B155	batch_07	A110_bb045_s03	61	/scratch/brussel/vo/000/bvo00014/vsc39230/slyb/boltz_4x96_KABC_mpnn800_16x50_v1/inputs/task_07/A110_bb045_s03_4x96KABC.yaml
7	A110_B132_B155	batch_07	A110_bb045_s04	61	/scratch/brussel/vo/000/bvo00014/vsc39230/slyb/boltz_4x96_KABC_mpnn800_16x50_v1/inputs/task_07/A110_bb045_s04_4x96KABC.yaml
7	A110_B132_B155	batch_07	A110_bb045_s05	61	/scratch/brussel/vo/000/bvo00014/vsc39230/slyb/boltz_4x96_KABC_mpnn800_16x50_v1/inputs/task_07/A110_bb045_s05_4x96KABC.yaml
7	A110_B132_B155	batch_07	A110_bb045_s06	61	/scratch/brussel/vo/000/bvo00014/vsc39230/slyb/boltz_4x96_KABC_mpnn800_16x50_v1/inputs/task_07/A110_bb045_s06_4x96KABC.yaml
7	A110_B132_B155	batch_07	A110_bb045_s07	61	/scratch/brussel/vo/000/bvo00014/vsc39230/slyb/boltz_4x96_KABC_mpnn800_16x50_v1/inputs/task_07/A110_bb045_s07_4x96KABC.yaml
7	A110_B132_B155	batch_07	A110_bb045_s08	61	/scratch/brussel/vo/000/bvo00014/vsc39230/slyb/boltz_4x96_KABC_mpnn800_16x50_v1/inputs/task_07/A110_bb045_s08_4x96KABC.yaml
7	A110_B132_B155	batch_07	A110_bb046_s01	61	/scratch/brussel/vo/000/bvo00014/vsc39230/slyb/boltz_4x96_KABC_mpnn800_16x50_v1/inputs/task_07/A110_bb046_s01_4x96KABC.yaml
7	A110_B132_B155	batch_07	A110_bb046_s02	61	/scratch/brussel/vo/000/bvo00014/vsc39230/slyb/boltz_4x96_KABC_mpnn800_16x50_v1/inputs/task_07/A110_bb046_s02_4x96KABC.yaml
7	A110_B132_B155	batch_07	A110_bb046_s03	61	/scratch/brussel/vo/000/bvo00014/vsc39230/slyb/boltz_4x96_KABC_mpnn800_16x50_v1/inputs/task_07/A110_bb046_s03_4x96KABC.yaml
7	A110_B132_B155	batch_07	A110_bb046_s04	61	/scratch/brussel/vo/000/bvo00014/vsc39230/slyb/boltz_4x96_KABC_mpnn800_16x50_v1/inputs/task_07/A110_bb046_s04_4x96KABC.yaml
7	A110_B132_B155	batch_07	A110_bb046_s05	61	/scratch/brussel/vo/000/bvo00014/vsc39230/slyb/boltz_4x96_KABC_mpnn800_16x50_v1/inputs/task_07/A110_bb046_s05_4x96KABC.yaml
7	A110_B132_B155	batch_07	A110_bb046_s06	61	/scratch/brussel/vo/000/bvo00014/vsc39230/slyb/boltz_4x96_KABC_mpnn800_16x50_v1/inputs/task_07/A110_bb046_s06_4x96KABC.yaml
7	A110_B132_B155	batch_07	A110_bb046_s07	61	/scratch/brussel/vo/000/bvo00014/vsc39230/slyb/boltz_4x96_KABC_mpnn800_16x50_v1/inputs/task_07/A110_bb046_s07_4x96KABC.yaml
7	A110_B132_B155	batch_07	A110_bb046_s08	61	/scratch/brussel/vo/000/bvo00014/vsc39230/slyb/boltz_4x96_KABC_mpnn800_16x50_v1/inputs/task_07/A110_bb046_s08_4x96KABC.yaml
7	A110_B132_B155	batch_07	A110_bb047_s01	61	/scratch/brussel/vo/000/bvo00014/vsc39230/slyb/boltz_4x96_KABC_mpnn800_16x50_v1/inputs/task_07/A110_bb047_s01_4x96KABC.yaml
7	A110_B132_B155	batch_07	A110_bb047_s02	61	/scratch/brussel/vo/000/bvo00014/vsc39230/slyb/boltz_4x96_KABC_mpnn800_16x50_v1/inputs/task_07/A110_bb047_s02_4x96KABC.yaml
7	A110_B132_B155	batch_07	A110_bb047_s03	61	/scratch/brussel/vo/000/bvo00014/vsc39230/slyb/boltz_4x96_KABC_mpnn800_16x50_v1/inputs/task_07/A110_bb047_s03_4x96KABC.yaml
7	A110_B132_B155	batch_07	A110_bb047_s04	61	/scratch/brussel/vo/000/bvo00014/vsc39230/slyb/boltz_4x96_KABC_mpnn800_16x50_v1/inputs/task_07/A110_bb047_s04_4x96KABC.yaml
7	A110_B132_B155	batch_07	A110_bb047_s05	61	/scratch/brussel/vo/000/bvo00014/vsc39230/slyb/boltz_4x96_KABC_mpnn800_16x50_v1/inputs/task_07/A110_bb047_s05_4x96KABC.yaml
7	A110_B132_B155	batch_07	A110_bb047_s06	61	/scratch/brussel/vo/000/bvo00014/vsc39230/slyb/boltz_4x96_KABC_mpnn800_16x50_v1/inputs/task_07/A110_bb047_s06_4x96KABC.yaml
7	A110_B132_B155	batch_07	A110_bb047_s07	61	/scratch/brussel/vo/000/bvo00014/vsc39230/slyb/boltz_4x96_KABC_mpnn800_16x50_v1/inputs/task_07/A110_bb047_s07_4x96KABC.yaml
7	A110_B132_B155	batch_07	A110_bb047_s08	61	/scratch/brussel/vo/000/bvo00014/vsc39230/slyb/boltz_4x96_KABC_mpnn800_16x50_v1/inputs/task_07/A110_bb047_s08_4x96KABC.yaml
7	A110_B132_B155	batch_07	A110_bb048_s01	61	/scratch/brussel/vo/000/bvo00014/vsc39230/slyb/boltz_4x96_KABC_mpnn800_16x50_v1/inputs/task_07/A110_bb048_s01_4x96KABC.yaml
7	A110_B132_B155	batch_07	A110_bb048_s02	61	/scratch/brussel/vo/000/bvo00014/vsc39230/slyb/boltz_4x96_KABC_mpnn800_16x50_v1/inputs/task_07/A110_bb048_s02_4x96KABC.yaml
7	A110_B132_B155	batch_07	A110_bb048_s03	61	/scratch/brussel/vo/000/bvo00014/vsc39230/slyb/boltz_4x96_KABC_mpnn800_16x50_v1/inputs/task_07/A110_bb048_s03_4x96KABC.yaml
7	A110_B132_B155	batch_07	A110_bb048_s04	61	/scratch/brussel/vo/000/bvo00014/vsc39230/slyb/boltz_4x96_KABC_mpnn800_16x50_v1/inputs/task_07/A110_bb048_s04_4x96KABC.yaml
7	A110_B132_B155	batch_07	A110_bb048_s05	61	/scratch/brussel/vo/000/bvo00014/vsc39230/slyb/boltz_4x96_KABC_mpnn800_16x50_v1/inputs/task_07/A110_bb048_s05_4x96KABC.yaml
7	A110_B132_B155	batch_07	A110_bb048_s06	61	/scratch/brussel/vo/000/bvo00014/vsc39230/slyb/boltz_4x96_KABC_mpnn800_16x50_v1/inputs/task_07/A110_bb048_s06_4x96KABC.yaml
7	A110_B132_B155	batch_07	A110_bb048_s07	61	/scratch/brussel/vo/000/bvo00014/vsc39230/slyb/boltz_4x96_KABC_mpnn800_16x50_v1/inputs/task_07/A110_bb048_s07_4x96KABC.yaml
7	A110_B132_B155	batch_07	A110_bb048_s08	61	/scratch/brussel/vo/000/bvo00014/vsc39230/slyb/boltz_4x96_KABC_mpnn800_16x50_v1/inputs/task_07/A110_bb048_s08_4x96KABC.yaml
7	A110_B132_B155	batch_07	A110_bb049_s01	61	/scratch/brussel/vo/000/bvo00014/vsc39230/slyb/boltz_4x96_KABC_mpnn800_16x50_v1/inputs/task_07/A110_bb049_s01_4x96KABC.yaml
7	A110_B132_B155	batch_07	A110_bb049_s02	61	/scratch/brussel/vo/000/bvo00014/vsc39230/slyb/boltz_4x96_KABC_mpnn800_16x50_v1/inputs/task_07/A110_bb049_s02_4x96KABC.yaml
7	A110_B132_B155	batch_07	A110_bb049_s03	61	/scratch/brussel/vo/000/bvo00014/vsc39230/slyb/boltz_4x96_KABC_mpnn800_16x50_v1/inputs/task_07/A110_bb049_s03_4x96KABC.yaml
7	A110_B132_B155	batch_07	A110_bb049_s04	61	/scratch/brussel/vo/000/bvo00014/vsc39230/slyb/boltz_4x96_KABC_mpnn800_16x50_v1/inputs/task_07/A110_bb049_s04_4x96KABC.yaml
7	A110_B132_B155	batch_07	A110_bb049_s05	61	/scratch/brussel/vo/000/bvo00014/vsc39230/slyb/boltz_4x96_KABC_mpnn800_16x50_v1/inputs/task_07/A110_bb049_s05_4x96KABC.yaml
7	A110_B132_B155	batch_07	A110_bb049_s06	61	/scratch/brussel/vo/000/bvo00014/vsc39230/slyb/boltz_4x96_KABC_mpnn800_16x50_v1/inputs/task_07/A110_bb049_s06_4x96KABC.yaml
7	A110_B132_B155	batch_07	A110_bb049_s07	61	/scratch/brussel/vo/000/bvo00014/vsc39230/slyb/boltz_4x96_KABC_mpnn800_16x50_v1/inputs/task_07/A110_bb049_s07_4x96KABC.yaml
7	A110_B132_B155	batch_07	A110_bb049_s08	61	/scratch/brussel/vo/000/bvo00014/vsc39230/slyb/boltz_4x96_KABC_mpnn800_16x50_v1/inputs/task_07/A110_bb049_s08_4x96KABC.yaml
8	A27_B132_B155	batch_00	A27_bb000_s01	61	/scratch/brussel/vo/000/bvo00014/vsc39230/slyb/boltz_4x96_KABC_mpnn800_16x50_v1/inputs/task_08/A27_bb000_s01_4x96KABC.yaml
8	A27_B132_B155	batch_00	A27_bb000_s02	61	/scratch/brussel/vo/000/bvo00014/vsc39230/slyb/boltz_4x96_KABC_mpnn800_16x50_v1/inputs/task_08/A27_bb000_s02_4x96KABC.yaml
8	A27_B132_B155	batch_00	A27_bb000_s03	61	/scratch/brussel/vo/000/bvo00014/vsc39230/slyb/boltz_4x96_KABC_mpnn800_16x50_v1/inputs/task_08/A27_bb000_s03_4x96KABC.yaml
8	A27_B132_B155	batch_00	A27_bb000_s04	61	/scratch/brussel/vo/000/bvo00014/vsc39230/slyb/boltz_4x96_KABC_mpnn800_16x50_v1/inputs/task_08/A27_bb000_s04_4x96KABC.yaml
8	A27_B132_B155	batch_00	A27_bb000_s05	61	/scratch/brussel/vo/000/bvo00014/vsc39230/slyb/boltz_4x96_KABC_mpnn800_16x50_v1/inputs/task_08/A27_bb000_s05_4x96KABC.yaml
8	A27_B132_B155	batch_00	A27_bb000_s06	61	/scratch/brussel/vo/000/bvo00014/vsc39230/slyb/boltz_4x96_KABC_mpnn800_16x50_v1/inputs/task_08/A27_bb000_s06_4x96KABC.yaml
8	A27_B132_B155	batch_00	A27_bb000_s07	61	/scratch/brussel/vo/000/bvo00014/vsc39230/slyb/boltz_4x96_KABC_mpnn800_16x50_v1/inputs/task_08/A27_bb000_s07_4x96KABC.yaml
8	A27_B132_B155	batch_00	A27_bb000_s08	61	/scratch/brussel/vo/000/bvo00014/vsc39230/slyb/boltz_4x96_KABC_mpnn800_16x50_v1/inputs/task_08/A27_bb000_s08_4x96KABC.yaml
8	A27_B132_B155	batch_00	A27_bb001_s01	61	/scratch/brussel/vo/000/bvo00014/vsc39230/slyb/boltz_4x96_KABC_mpnn800_16x50_v1/inputs/task_08/A27_bb001_s01_4x96KABC.yaml
8	A27_B132_B155	batch_00	A27_bb001_s02	61	/scratch/brussel/vo/000/bvo00014/vsc39230/slyb/boltz_4x96_KABC_mpnn800_16x50_v1/inputs/task_08/A27_bb001_s02_4x96KABC.yaml
8	A27_B132_B155	batch_00	A27_bb001_s03	61	/scratch/brussel/vo/000/bvo00014/vsc39230/slyb/boltz_4x96_KABC_mpnn800_16x50_v1/inputs/task_08/A27_bb001_s03_4x96KABC.yaml
8	A27_B132_B155	batch_00	A27_bb001_s04	61	/scratch/brussel/vo/000/bvo00014/vsc39230/slyb/boltz_4x96_KABC_mpnn800_16x50_v1/inputs/task_08/A27_bb001_s04_4x96KABC.yaml
8	A27_B132_B155	batch_00	A27_bb001_s05	61	/scratch/brussel/vo/000/bvo00014/vsc39230/slyb/boltz_4x96_KABC_mpnn800_16x50_v1/inputs/task_08/A27_bb001_s05_4x96KABC.yaml
8	A27_B132_B155	batch_00	A27_bb001_s06	61	/scratch/brussel/vo/000/bvo00014/vsc39230/slyb/boltz_4x96_KABC_mpnn800_16x50_v1/inputs/task_08/A27_bb001_s06_4x96KABC.yaml
8	A27_B132_B155	batch_00	A27_bb001_s07	61	/scratch/brussel/vo/000/bvo00014/vsc39230/slyb/boltz_4x96_KABC_mpnn800_16x50_v1/inputs/task_08/A27_bb001_s07_4x96KABC.yaml
8	A27_B132_B155	batch_00	A27_bb001_s08	61	/scratch/brussel/vo/000/bvo00014/vsc39230/slyb/boltz_4x96_KABC_mpnn800_16x50_v1/inputs/task_08/A27_bb001_s08_4x96KABC.yaml
8	A27_B132_B155	batch_00	A27_bb002_s01	61	/scratch/brussel/vo/000/bvo00014/vsc39230/slyb/boltz_4x96_KABC_mpnn800_16x50_v1/inputs/task_08/A27_bb002_s01_4x96KABC.yaml
8	A27_B132_B155	batch_00	A27_bb002_s02	61	/scratch/brussel/vo/000/bvo00014/vsc39230/slyb/boltz_4x96_KABC_mpnn800_16x50_v1/inputs/task_08/A27_bb002_s02_4x96KABC.yaml
8	A27_B132_B155	batch_00	A27_bb002_s03	61	/scratch/brussel/vo/000/bvo00014/vsc39230/slyb/boltz_4x96_KABC_mpnn800_16x50_v1/inputs/task_08/A27_bb002_s03_4x96KABC.yaml
8	A27_B132_B155	batch_00	A27_bb002_s04	61	/scratch/brussel/vo/000/bvo00014/vsc39230/slyb/boltz_4x96_KABC_mpnn800_16x50_v1/inputs/task_08/A27_bb002_s04_4x96KABC.yaml
8	A27_B132_B155	batch_00	A27_bb002_s05	61	/scratch/brussel/vo/000/bvo00014/vsc39230/slyb/boltz_4x96_KABC_mpnn800_16x50_v1/inputs/task_08/A27_bb002_s05_4x96KABC.yaml
8	A27_B132_B155	batch_00	A27_bb002_s06	61	/scratch/brussel/vo/000/bvo00014/vsc39230/slyb/boltz_4x96_KABC_mpnn800_16x50_v1/inputs/task_08/A27_bb002_s06_4x96KABC.yaml
8	A27_B132_B155	batch_00	A27_bb002_s07	61	/scratch/brussel/vo/000/bvo00014/vsc39230/slyb/boltz_4x96_KABC_mpnn800_16x50_v1/inputs/task_08/A27_bb002_s07_4x96KABC.yaml
8	A27_B132_B155	batch_00	A27_bb002_s08	61	/scratch/brussel/vo/000/bvo00014/vsc39230/slyb/boltz_4x96_KABC_mpnn800_16x50_v1/inputs/task_08/A27_bb002_s08_4x96KABC.yaml
8	A27_B132_B155	batch_00	A27_bb003_s01	61	/scratch/brussel/vo/000/bvo00014/vsc39230/slyb/boltz_4x96_KABC_mpnn800_16x50_v1/inputs/task_08/A27_bb003_s01_4x96KABC.yaml
8	A27_B132_B155	batch_00	A27_bb003_s02	61	/scratch/brussel/vo/000/bvo00014/vsc39230/slyb/boltz_4x96_KABC_mpnn800_16x50_v1/inputs/task_08/A27_bb003_s02_4x96KABC.yaml
8	A27_B132_B155	batch_00	A27_bb003_s03	61	/scratch/brussel/vo/000/bvo00014/vsc39230/slyb/boltz_4x96_KABC_mpnn800_16x50_v1/inputs/task_08/A27_bb003_s03_4x96KABC.yaml
8	A27_B132_B155	batch_00	A27_bb003_s04	61	/scratch/brussel/vo/000/bvo00014/vsc39230/slyb/boltz_4x96_KABC_mpnn800_16x50_v1/inputs/task_08/A27_bb003_s04_4x96KABC.yaml
8	A27_B132_B155	batch_00	A27_bb003_s05	61	/scratch/brussel/vo/000/bvo00014/vsc39230/slyb/boltz_4x96_KABC_mpnn800_16x50_v1/inputs/task_08/A27_bb003_s05_4x96KABC.yaml
8	A27_B132_B155	batch_00	A27_bb003_s06	61	/scratch/brussel/vo/000/bvo00014/vsc39230/slyb/boltz_4x96_KABC_mpnn800_16x50_v1/inputs/task_08/A27_bb003_s06_4x96KABC.yaml
8	A27_B132_B155	batch_00	A27_bb003_s07	61	/scratch/brussel/vo/000/bvo00014/vsc39230/slyb/boltz_4x96_KABC_mpnn800_16x50_v1/inputs/task_08/A27_bb003_s07_4x96KABC.yaml
8	A27_B132_B155	batch_00	A27_bb003_s08	61	/scratch/brussel/vo/000/bvo00014/vsc39230/slyb/boltz_4x96_KABC_mpnn800_16x50_v1/inputs/task_08/A27_bb003_s08_4x96KABC.yaml
8	A27_B132_B155	batch_00	A27_bb004_s01	61	/scratch/brussel/vo/000/bvo00014/vsc39230/slyb/boltz_4x96_KABC_mpnn800_16x50_v1/inputs/task_08/A27_bb004_s01_4x96KABC.yaml
8	A27_B132_B155	batch_00	A27_bb004_s02	61	/scratch/brussel/vo/000/bvo00014/vsc39230/slyb/boltz_4x96_KABC_mpnn800_16x50_v1/inputs/task_08/A27_bb004_s02_4x96KABC.yaml
8	A27_B132_B155	batch_00	A27_bb004_s03	61	/scratch/brussel/vo/000/bvo00014/vsc39230/slyb/boltz_4x96_KABC_mpnn800_16x50_v1/inputs/task_08/A27_bb004_s03_4x96KABC.yaml
8	A27_B132_B155	batch_00	A27_bb004_s04	61	/scratch/brussel/vo/000/bvo00014/vsc39230/slyb/boltz_4x96_KABC_mpnn800_16x50_v1/inputs/task_08/A27_bb004_s04_4x96KABC.yaml
8	A27_B132_B155	batch_00	A27_bb004_s05	61	/scratch/brussel/vo/000/bvo00014/vsc39230/slyb/boltz_4x96_KABC_mpnn800_16x50_v1/inputs/task_08/A27_bb004_s05_4x96KABC.yaml
8	A27_B132_B155	batch_00	A27_bb004_s06	61	/scratch/brussel/vo/000/bvo00014/vsc39230/slyb/boltz_4x96_KABC_mpnn800_16x50_v1/inputs/task_08/A27_bb004_s06_4x96KABC.yaml
8	A27_B132_B155	batch_00	A27_bb004_s07	61	/scratch/brussel/vo/000/bvo00014/vsc39230/slyb/boltz_4x96_KABC_mpnn800_16x50_v1/inputs/task_08/A27_bb004_s07_4x96KABC.yaml
8	A27_B132_B155	batch_00	A27_bb004_s08	61	/scratch/brussel/vo/000/bvo00014/vsc39230/slyb/boltz_4x96_KABC_mpnn800_16x50_v1/inputs/task_08/A27_bb004_s08_4x96KABC.yaml
8	A27_B132_B155	batch_00	A27_bb005_s01	61	/scratch/brussel/vo/000/bvo00014/vsc39230/slyb/boltz_4x96_KABC_mpnn800_16x50_v1/inputs/task_08/A27_bb005_s01_4x96KABC.yaml
8	A27_B132_B155	batch_00	A27_bb005_s02	61	/scratch/brussel/vo/000/bvo00014/vsc39230/slyb/boltz_4x96_KABC_mpnn800_16x50_v1/inputs/task_08/A27_bb005_s02_4x96KABC.yaml
8	A27_B132_B155	batch_00	A27_bb005_s03	61	/scratch/brussel/vo/000/bvo00014/vsc39230/slyb/boltz_4x96_KABC_mpnn800_16x50_v1/inputs/task_08/A27_bb005_s03_4x96KABC.yaml
8	A27_B132_B155	batch_00	A27_bb005_s04	61	/scratch/brussel/vo/000/bvo00014/vsc39230/slyb/boltz_4x96_KABC_mpnn800_16x50_v1/inputs/task_08/A27_bb005_s04_4x96KABC.yaml
8	A27_B132_B155	batch_00	A27_bb005_s05	61	/scratch/brussel/vo/000/bvo00014/vsc39230/slyb/boltz_4x96_KABC_mpnn800_16x50_v1/inputs/task_08/A27_bb005_s05_4x96KABC.yaml
8	A27_B132_B155	batch_00	A27_bb005_s06	61	/scratch/brussel/vo/000/bvo00014/vsc39230/slyb/boltz_4x96_KABC_mpnn800_16x50_v1/inputs/task_08/A27_bb005_s06_4x96KABC.yaml
8	A27_B132_B155	batch_00	A27_bb005_s07	61	/scratch/brussel/vo/000/bvo00014/vsc39230/slyb/boltz_4x96_KABC_mpnn800_16x50_v1/inputs/task_08/A27_bb005_s07_4x96KABC.yaml
8	A27_B132_B155	batch_00	A27_bb005_s08	61	/scratch/brussel/vo/000/bvo00014/vsc39230/slyb/boltz_4x96_KABC_mpnn800_16x50_v1/inputs/task_08/A27_bb005_s08_4x96KABC.yaml
8	A27_B132_B155	batch_00	A27_bb006_s01	61	/scratch/brussel/vo/000/bvo00014/vsc39230/slyb/boltz_4x96_KABC_mpnn800_16x50_v1/inputs/task_08/A27_bb006_s01_4x96KABC.yaml
8	A27_B132_B155	batch_00	A27_bb006_s02	61	/scratch/brussel/vo/000/bvo00014/vsc39230/slyb/boltz_4x96_KABC_mpnn800_16x50_v1/inputs/task_08/A27_bb006_s02_4x96KABC.yaml
9	A27_B132_B155	batch_01	A27_bb006_s03	61	/scratch/brussel/vo/000/bvo00014/vsc39230/slyb/boltz_4x96_KABC_mpnn800_16x50_v1/inputs/task_09/A27_bb006_s03_4x96KABC.yaml
9	A27_B132_B155	batch_01	A27_bb006_s04	61	/scratch/brussel/vo/000/bvo00014/vsc39230/slyb/boltz_4x96_KABC_mpnn800_16x50_v1/inputs/task_09/A27_bb006_s04_4x96KABC.yaml
9	A27_B132_B155	batch_01	A27_bb006_s05	61	/scratch/brussel/vo/000/bvo00014/vsc39230/slyb/boltz_4x96_KABC_mpnn800_16x50_v1/inputs/task_09/A27_bb006_s05_4x96KABC.yaml
9	A27_B132_B155	batch_01	A27_bb006_s06	61	/scratch/brussel/vo/000/bvo00014/vsc39230/slyb/boltz_4x96_KABC_mpnn800_16x50_v1/inputs/task_09/A27_bb006_s06_4x96KABC.yaml
9	A27_B132_B155	batch_01	A27_bb006_s07	61	/scratch/brussel/vo/000/bvo00014/vsc39230/slyb/boltz_4x96_KABC_mpnn800_16x50_v1/inputs/task_09/A27_bb006_s07_4x96KABC.yaml
9	A27_B132_B155	batch_01	A27_bb006_s08	61	/scratch/brussel/vo/000/bvo00014/vsc39230/slyb/boltz_4x96_KABC_mpnn800_16x50_v1/inputs/task_09/A27_bb006_s08_4x96KABC.yaml
9	A27_B132_B155	batch_01	A27_bb007_s01	61	/scratch/brussel/vo/000/bvo00014/vsc39230/slyb/boltz_4x96_KABC_mpnn800_16x50_v1/inputs/task_09/A27_bb007_s01_4x96KABC.yaml
9	A27_B132_B155	batch_01	A27_bb007_s02	61	/scratch/brussel/vo/000/bvo00014/vsc39230/slyb/boltz_4x96_KABC_mpnn800_16x50_v1/inputs/task_09/A27_bb007_s02_4x96KABC.yaml
9	A27_B132_B155	batch_01	A27_bb007_s03	61	/scratch/brussel/vo/000/bvo00014/vsc39230/slyb/boltz_4x96_KABC_mpnn800_16x50_v1/inputs/task_09/A27_bb007_s03_4x96KABC.yaml
9	A27_B132_B155	batch_01	A27_bb007_s04	61	/scratch/brussel/vo/000/bvo00014/vsc39230/slyb/boltz_4x96_KABC_mpnn800_16x50_v1/inputs/task_09/A27_bb007_s04_4x96KABC.yaml
9	A27_B132_B155	batch_01	A27_bb007_s05	61	/scratch/brussel/vo/000/bvo00014/vsc39230/slyb/boltz_4x96_KABC_mpnn800_16x50_v1/inputs/task_09/A27_bb007_s05_4x96KABC.yaml
9	A27_B132_B155	batch_01	A27_bb007_s06	61	/scratch/brussel/vo/000/bvo00014/vsc39230/slyb/boltz_4x96_KABC_mpnn800_16x50_v1/inputs/task_09/A27_bb007_s06_4x96KABC.yaml
9	A27_B132_B155	batch_01	A27_bb007_s07	61	/scratch/brussel/vo/000/bvo00014/vsc39230/slyb/boltz_4x96_KABC_mpnn800_16x50_v1/inputs/task_09/A27_bb007_s07_4x96KABC.yaml
9	A27_B132_B155	batch_01	A27_bb007_s08	61	/scratch/brussel/vo/000/bvo00014/vsc39230/slyb/boltz_4x96_KABC_mpnn800_16x50_v1/inputs/task_09/A27_bb007_s08_4x96KABC.yaml
9	A27_B132_B155	batch_01	A27_bb008_s01	61	/scratch/brussel/vo/000/bvo00014/vsc39230/slyb/boltz_4x96_KABC_mpnn800_16x50_v1/inputs/task_09/A27_bb008_s01_4x96KABC.yaml
9	A27_B132_B155	batch_01	A27_bb008_s02	61	/scratch/brussel/vo/000/bvo00014/vsc39230/slyb/boltz_4x96_KABC_mpnn800_16x50_v1/inputs/task_09/A27_bb008_s02_4x96KABC.yaml
9	A27_B132_B155	batch_01	A27_bb008_s03	61	/scratch/brussel/vo/000/bvo00014/vsc39230/slyb/boltz_4x96_KABC_mpnn800_16x50_v1/inputs/task_09/A27_bb008_s03_4x96KABC.yaml
9	A27_B132_B155	batch_01	A27_bb008_s04	61	/scratch/brussel/vo/000/bvo00014/vsc39230/slyb/boltz_4x96_KABC_mpnn800_16x50_v1/inputs/task_09/A27_bb008_s04_4x96KABC.yaml
9	A27_B132_B155	batch_01	A27_bb008_s05	61	/scratch/brussel/vo/000/bvo00014/vsc39230/slyb/boltz_4x96_KABC_mpnn800_16x50_v1/inputs/task_09/A27_bb008_s05_4x96KABC.yaml
9	A27_B132_B155	batch_01	A27_bb008_s06	61	/scratch/brussel/vo/000/bvo00014/vsc39230/slyb/boltz_4x96_KABC_mpnn800_16x50_v1/inputs/task_09/A27_bb008_s06_4x96KABC.yaml
9	A27_B132_B155	batch_01	A27_bb008_s07	61	/scratch/brussel/vo/000/bvo00014/vsc39230/slyb/boltz_4x96_KABC_mpnn800_16x50_v1/inputs/task_09/A27_bb008_s07_4x96KABC.yaml
9	A27_B132_B155	batch_01	A27_bb008_s08	61	/scratch/brussel/vo/000/bvo00014/vsc39230/slyb/boltz_4x96_KABC_mpnn800_16x50_v1/inputs/task_09/A27_bb008_s08_4x96KABC.yaml
9	A27_B132_B155	batch_01	A27_bb009_s01	61	/scratch/brussel/vo/000/bvo00014/vsc39230/slyb/boltz_4x96_KABC_mpnn800_16x50_v1/inputs/task_09/A27_bb009_s01_4x96KABC.yaml
9	A27_B132_B155	batch_01	A27_bb009_s02	61	/scratch/brussel/vo/000/bvo00014/vsc39230/slyb/boltz_4x96_KABC_mpnn800_16x50_v1/inputs/task_09/A27_bb009_s02_4x96KABC.yaml
9	A27_B132_B155	batch_01	A27_bb009_s03	61	/scratch/brussel/vo/000/bvo00014/vsc39230/slyb/boltz_4x96_KABC_mpnn800_16x50_v1/inputs/task_09/A27_bb009_s03_4x96KABC.yaml
9	A27_B132_B155	batch_01	A27_bb009_s04	61	/scratch/brussel/vo/000/bvo00014/vsc39230/slyb/boltz_4x96_KABC_mpnn800_16x50_v1/inputs/task_09/A27_bb009_s04_4x96KABC.yaml
9	A27_B132_B155	batch_01	A27_bb009_s05	61	/scratch/brussel/vo/000/bvo00014/vsc39230/slyb/boltz_4x96_KABC_mpnn800_16x50_v1/inputs/task_09/A27_bb009_s05_4x96KABC.yaml
9	A27_B132_B155	batch_01	A27_bb009_s06	61	/scratch/brussel/vo/000/bvo00014/vsc39230/slyb/boltz_4x96_KABC_mpnn800_16x50_v1/inputs/task_09/A27_bb009_s06_4x96KABC.yaml
9	A27_B132_B155	batch_01	A27_bb009_s07	61	/scratch/brussel/vo/000/bvo00014/vsc39230/slyb/boltz_4x96_KABC_mpnn800_16x50_v1/inputs/task_09/A27_bb009_s07_4x96KABC.yaml
9	A27_B132_B155	batch_01	A27_bb009_s08	61	/scratch/brussel/vo/000/bvo00014/vsc39230/slyb/boltz_4x96_KABC_mpnn800_16x50_v1/inputs/task_09/A27_bb009_s08_4x96KABC.yaml
9	A27_B132_B155	batch_01	A27_bb010_s01	59	/scratch/brussel/vo/000/bvo00014/vsc39230/slyb/boltz_4x96_KABC_mpnn800_16x50_v1/inputs/task_09/A27_bb010_s01_4x96KABC.yaml
9	A27_B132_B155	batch_01	A27_bb010_s02	59	/scratch/brussel/vo/000/bvo00014/vsc39230/slyb/boltz_4x96_KABC_mpnn800_16x50_v1/inputs/task_09/A27_bb010_s02_4x96KABC.yaml
9	A27_B132_B155	batch_01	A27_bb010_s03	59	/scratch/brussel/vo/000/bvo00014/vsc39230/slyb/boltz_4x96_KABC_mpnn800_16x50_v1/inputs/task_09/A27_bb010_s03_4x96KABC.yaml
9	A27_B132_B155	batch_01	A27_bb010_s04	59	/scratch/brussel/vo/000/bvo00014/vsc39230/slyb/boltz_4x96_KABC_mpnn800_16x50_v1/inputs/task_09/A27_bb010_s04_4x96KABC.yaml
9	A27_B132_B155	batch_01	A27_bb010_s05	59	/scratch/brussel/vo/000/bvo00014/vsc39230/slyb/boltz_4x96_KABC_mpnn800_16x50_v1/inputs/task_09/A27_bb010_s05_4x96KABC.yaml
9	A27_B132_B155	batch_01	A27_bb010_s06	59	/scratch/brussel/vo/000/bvo00014/vsc39230/slyb/boltz_4x96_KABC_mpnn800_16x50_v1/inputs/task_09/A27_bb010_s06_4x96KABC.yaml
9	A27_B132_B155	batch_01	A27_bb010_s07	59	/scratch/brussel/vo/000/bvo00014/vsc39230/slyb/boltz_4x96_KABC_mpnn800_16x50_v1/inputs/task_09/A27_bb010_s07_4x96KABC.yaml
9	A27_B132_B155	batch_01	A27_bb010_s08	59	/scratch/brussel/vo/000/bvo00014/vsc39230/slyb/boltz_4x96_KABC_mpnn800_16x50_v1/inputs/task_09/A27_bb010_s08_4x96KABC.yaml
9	A27_B132_B155	batch_01	A27_bb011_s01	59	/scratch/brussel/vo/000/bvo00014/vsc39230/slyb/boltz_4x96_KABC_mpnn800_16x50_v1/inputs/task_09/A27_bb011_s01_4x96KABC.yaml
9	A27_B132_B155	batch_01	A27_bb011_s02	59	/scratch/brussel/vo/000/bvo00014/vsc39230/slyb/boltz_4x96_KABC_mpnn800_16x50_v1/inputs/task_09/A27_bb011_s02_4x96KABC.yaml
9	A27_B132_B155	batch_01	A27_bb011_s03	59	/scratch/brussel/vo/000/bvo00014/vsc39230/slyb/boltz_4x96_KABC_mpnn800_16x50_v1/inputs/task_09/A27_bb011_s03_4x96KABC.yaml
9	A27_B132_B155	batch_01	A27_bb011_s04	59	/scratch/brussel/vo/000/bvo00014/vsc39230/slyb/boltz_4x96_KABC_mpnn800_16x50_v1/inputs/task_09/A27_bb011_s04_4x96KABC.yaml
9	A27_B132_B155	batch_01	A27_bb011_s05	59	/scratch/brussel/vo/000/bvo00014/vsc39230/slyb/boltz_4x96_KABC_mpnn800_16x50_v1/inputs/task_09/A27_bb011_s05_4x96KABC.yaml
9	A27_B132_B155	batch_01	A27_bb011_s06	59	/scratch/brussel/vo/000/bvo00014/vsc39230/slyb/boltz_4x96_KABC_mpnn800_16x50_v1/inputs/task_09/A27_bb011_s06_4x96KABC.yaml
9	A27_B132_B155	batch_01	A27_bb011_s07	59	/scratch/brussel/vo/000/bvo00014/vsc39230/slyb/boltz_4x96_KABC_mpnn800_16x50_v1/inputs/task_09/A27_bb011_s07_4x96KABC.yaml
9	A27_B132_B155	batch_01	A27_bb011_s08	59	/scratch/brussel/vo/000/bvo00014/vsc39230/slyb/boltz_4x96_KABC_mpnn800_16x50_v1/inputs/task_09/A27_bb011_s08_4x96KABC.yaml
9	A27_B132_B155	batch_01	A27_bb012_s01	59	/scratch/brussel/vo/000/bvo00014/vsc39230/slyb/boltz_4x96_KABC_mpnn800_16x50_v1/inputs/task_09/A27_bb012_s01_4x96KABC.yaml
9	A27_B132_B155	batch_01	A27_bb012_s02	59	/scratch/brussel/vo/000/bvo00014/vsc39230/slyb/boltz_4x96_KABC_mpnn800_16x50_v1/inputs/task_09/A27_bb012_s02_4x96KABC.yaml
9	A27_B132_B155	batch_01	A27_bb012_s03	59	/scratch/brussel/vo/000/bvo00014/vsc39230/slyb/boltz_4x96_KABC_mpnn800_16x50_v1/inputs/task_09/A27_bb012_s03_4x96KABC.yaml
9	A27_B132_B155	batch_01	A27_bb012_s04	59	/scratch/brussel/vo/000/bvo00014/vsc39230/slyb/boltz_4x96_KABC_mpnn800_16x50_v1/inputs/task_09/A27_bb012_s04_4x96KABC.yaml
10	A27_B132_B155	batch_02	A27_bb012_s05	59	/scratch/brussel/vo/000/bvo00014/vsc39230/slyb/boltz_4x96_KABC_mpnn800_16x50_v1/inputs/task_10/A27_bb012_s05_4x96KABC.yaml
10	A27_B132_B155	batch_02	A27_bb012_s06	59	/scratch/brussel/vo/000/bvo00014/vsc39230/slyb/boltz_4x96_KABC_mpnn800_16x50_v1/inputs/task_10/A27_bb012_s06_4x96KABC.yaml
10	A27_B132_B155	batch_02	A27_bb012_s07	59	/scratch/brussel/vo/000/bvo00014/vsc39230/slyb/boltz_4x96_KABC_mpnn800_16x50_v1/inputs/task_10/A27_bb012_s07_4x96KABC.yaml
10	A27_B132_B155	batch_02	A27_bb012_s08	59	/scratch/brussel/vo/000/bvo00014/vsc39230/slyb/boltz_4x96_KABC_mpnn800_16x50_v1/inputs/task_10/A27_bb012_s08_4x96KABC.yaml
10	A27_B132_B155	batch_02	A27_bb013_s01	59	/scratch/brussel/vo/000/bvo00014/vsc39230/slyb/boltz_4x96_KABC_mpnn800_16x50_v1/inputs/task_10/A27_bb013_s01_4x96KABC.yaml
10	A27_B132_B155	batch_02	A27_bb013_s02	59	/scratch/brussel/vo/000/bvo00014/vsc39230/slyb/boltz_4x96_KABC_mpnn800_16x50_v1/inputs/task_10/A27_bb013_s02_4x96KABC.yaml
10	A27_B132_B155	batch_02	A27_bb013_s03	59	/scratch/brussel/vo/000/bvo00014/vsc39230/slyb/boltz_4x96_KABC_mpnn800_16x50_v1/inputs/task_10/A27_bb013_s03_4x96KABC.yaml
10	A27_B132_B155	batch_02	A27_bb013_s04	59	/scratch/brussel/vo/000/bvo00014/vsc39230/slyb/boltz_4x96_KABC_mpnn800_16x50_v1/inputs/task_10/A27_bb013_s04_4x96KABC.yaml
10	A27_B132_B155	batch_02	A27_bb013_s05	59	/scratch/brussel/vo/000/bvo00014/vsc39230/slyb/boltz_4x96_KABC_mpnn800_16x50_v1/inputs/task_10/A27_bb013_s05_4x96KABC.yaml
10	A27_B132_B155	batch_02	A27_bb013_s06	59	/scratch/brussel/vo/000/bvo00014/vsc39230/slyb/boltz_4x96_KABC_mpnn800_16x50_v1/inputs/task_10/A27_bb013_s06_4x96KABC.yaml
10	A27_B132_B155	batch_02	A27_bb013_s07	59	/scratch/brussel/vo/000/bvo00014/vsc39230/slyb/boltz_4x96_KABC_mpnn800_16x50_v1/inputs/task_10/A27_bb013_s07_4x96KABC.yaml
10	A27_B132_B155	batch_02	A27_bb013_s08	59	/scratch/brussel/vo/000/bvo00014/vsc39230/slyb/boltz_4x96_KABC_mpnn800_16x50_v1/inputs/task_10/A27_bb013_s08_4x96KABC.yaml
10	A27_B132_B155	batch_02	A27_bb014_s01	59	/scratch/brussel/vo/000/bvo00014/vsc39230/slyb/boltz_4x96_KABC_mpnn800_16x50_v1/inputs/task_10/A27_bb014_s01_4x96KABC.yaml
10	A27_B132_B155	batch_02	A27_bb014_s02	59	/scratch/brussel/vo/000/bvo00014/vsc39230/slyb/boltz_4x96_KABC_mpnn800_16x50_v1/inputs/task_10/A27_bb014_s02_4x96KABC.yaml
10	A27_B132_B155	batch_02	A27_bb014_s03	59	/scratch/brussel/vo/000/bvo00014/vsc39230/slyb/boltz_4x96_KABC_mpnn800_16x50_v1/inputs/task_10/A27_bb014_s03_4x96KABC.yaml
10	A27_B132_B155	batch_02	A27_bb014_s04	59	/scratch/brussel/vo/000/bvo00014/vsc39230/slyb/boltz_4x96_KABC_mpnn800_16x50_v1/inputs/task_10/A27_bb014_s04_4x96KABC.yaml
10	A27_B132_B155	batch_02	A27_bb014_s05	59	/scratch/brussel/vo/000/bvo00014/vsc39230/slyb/boltz_4x96_KABC_mpnn800_16x50_v1/inputs/task_10/A27_bb014_s05_4x96KABC.yaml
10	A27_B132_B155	batch_02	A27_bb014_s06	59	/scratch/brussel/vo/000/bvo00014/vsc39230/slyb/boltz_4x96_KABC_mpnn800_16x50_v1/inputs/task_10/A27_bb014_s06_4x96KABC.yaml
10	A27_B132_B155	batch_02	A27_bb014_s07	59	/scratch/brussel/vo/000/bvo00014/vsc39230/slyb/boltz_4x96_KABC_mpnn800_16x50_v1/inputs/task_10/A27_bb014_s07_4x96KABC.yaml
10	A27_B132_B155	batch_02	A27_bb014_s08	59	/scratch/brussel/vo/000/bvo00014/vsc39230/slyb/boltz_4x96_KABC_mpnn800_16x50_v1/inputs/task_10/A27_bb014_s08_4x96KABC.yaml
10	A27_B132_B155	batch_02	A27_bb015_s01	59	/scratch/brussel/vo/000/bvo00014/vsc39230/slyb/boltz_4x96_KABC_mpnn800_16x50_v1/inputs/task_10/A27_bb015_s01_4x96KABC.yaml
10	A27_B132_B155	batch_02	A27_bb015_s02	59	/scratch/brussel/vo/000/bvo00014/vsc39230/slyb/boltz_4x96_KABC_mpnn800_16x50_v1/inputs/task_10/A27_bb015_s02_4x96KABC.yaml
10	A27_B132_B155	batch_02	A27_bb015_s03	59	/scratch/brussel/vo/000/bvo00014/vsc39230/slyb/boltz_4x96_KABC_mpnn800_16x50_v1/inputs/task_10/A27_bb015_s03_4x96KABC.yaml
10	A27_B132_B155	batch_02	A27_bb015_s04	59	/scratch/brussel/vo/000/bvo00014/vsc39230/slyb/boltz_4x96_KABC_mpnn800_16x50_v1/inputs/task_10/A27_bb015_s04_4x96KABC.yaml
10	A27_B132_B155	batch_02	A27_bb015_s05	59	/scratch/brussel/vo/000/bvo00014/vsc39230/slyb/boltz_4x96_KABC_mpnn800_16x50_v1/inputs/task_10/A27_bb015_s05_4x96KABC.yaml
10	A27_B132_B155	batch_02	A27_bb015_s06	59	/scratch/brussel/vo/000/bvo00014/vsc39230/slyb/boltz_4x96_KABC_mpnn800_16x50_v1/inputs/task_10/A27_bb015_s06_4x96KABC.yaml
10	A27_B132_B155	batch_02	A27_bb015_s07	59	/scratch/brussel/vo/000/bvo00014/vsc39230/slyb/boltz_4x96_KABC_mpnn800_16x50_v1/inputs/task_10/A27_bb015_s07_4x96KABC.yaml
10	A27_B132_B155	batch_02	A27_bb015_s08	59	/scratch/brussel/vo/000/bvo00014/vsc39230/slyb/boltz_4x96_KABC_mpnn800_16x50_v1/inputs/task_10/A27_bb015_s08_4x96KABC.yaml
10	A27_B132_B155	batch_02	A27_bb016_s01	59	/scratch/brussel/vo/000/bvo00014/vsc39230/slyb/boltz_4x96_KABC_mpnn800_16x50_v1/inputs/task_10/A27_bb016_s01_4x96KABC.yaml
10	A27_B132_B155	batch_02	A27_bb016_s02	59	/scratch/brussel/vo/000/bvo00014/vsc39230/slyb/boltz_4x96_KABC_mpnn800_16x50_v1/inputs/task_10/A27_bb016_s02_4x96KABC.yaml
10	A27_B132_B155	batch_02	A27_bb016_s03	59	/scratch/brussel/vo/000/bvo00014/vsc39230/slyb/boltz_4x96_KABC_mpnn800_16x50_v1/inputs/task_10/A27_bb016_s03_4x96KABC.yaml
10	A27_B132_B155	batch_02	A27_bb016_s04	59	/scratch/brussel/vo/000/bvo00014/vsc39230/slyb/boltz_4x96_KABC_mpnn800_16x50_v1/inputs/task_10/A27_bb016_s04_4x96KABC.yaml
10	A27_B132_B155	batch_02	A27_bb016_s05	59	/scratch/brussel/vo/000/bvo00014/vsc39230/slyb/boltz_4x96_KABC_mpnn800_16x50_v1/inputs/task_10/A27_bb016_s05_4x96KABC.yaml
10	A27_B132_B155	batch_02	A27_bb016_s06	59	/scratch/brussel/vo/000/bvo00014/vsc39230/slyb/boltz_4x96_KABC_mpnn800_16x50_v1/inputs/task_10/A27_bb016_s06_4x96KABC.yaml
10	A27_B132_B155	batch_02	A27_bb016_s07	59	/scratch/brussel/vo/000/bvo00014/vsc39230/slyb/boltz_4x96_KABC_mpnn800_16x50_v1/inputs/task_10/A27_bb016_s07_4x96KABC.yaml
10	A27_B132_B155	batch_02	A27_bb016_s08	59	/scratch/brussel/vo/000/bvo00014/vsc39230/slyb/boltz_4x96_KABC_mpnn800_16x50_v1/inputs/task_10/A27_bb016_s08_4x96KABC.yaml
10	A27_B132_B155	batch_02	A27_bb017_s01	59	/scratch/brussel/vo/000/bvo00014/vsc39230/slyb/boltz_4x96_KABC_mpnn800_16x50_v1/inputs/task_10/A27_bb017_s01_4x96KABC.yaml
10	A27_B132_B155	batch_02	A27_bb017_s02	59	/scratch/brussel/vo/000/bvo00014/vsc39230/slyb/boltz_4x96_KABC_mpnn800_16x50_v1/inputs/task_10/A27_bb017_s02_4x96KABC.yaml
10	A27_B132_B155	batch_02	A27_bb017_s03	59	/scratch/brussel/vo/000/bvo00014/vsc39230/slyb/boltz_4x96_KABC_mpnn800_16x50_v1/inputs/task_10/A27_bb017_s03_4x96KABC.yaml
10	A27_B132_B155	batch_02	A27_bb017_s04	59	/scratch/brussel/vo/000/bvo00014/vsc39230/slyb/boltz_4x96_KABC_mpnn800_16x50_v1/inputs/task_10/A27_bb017_s04_4x96KABC.yaml
10	A27_B132_B155	batch_02	A27_bb017_s05	59	/scratch/brussel/vo/000/bvo00014/vsc39230/slyb/boltz_4x96_KABC_mpnn800_16x50_v1/inputs/task_10/A27_bb017_s05_4x96KABC.yaml
10	A27_B132_B155	batch_02	A27_bb017_s06	59	/scratch/brussel/vo/000/bvo00014/vsc39230/slyb/boltz_4x96_KABC_mpnn800_16x50_v1/inputs/task_10/A27_bb017_s06_4x96KABC.yaml
10	A27_B132_B155	batch_02	A27_bb017_s07	59	/scratch/brussel/vo/000/bvo00014/vsc39230/slyb/boltz_4x96_KABC_mpnn800_16x50_v1/inputs/task_10/A27_bb017_s07_4x96KABC.yaml
10	A27_B132_B155	batch_02	A27_bb017_s08	59	/scratch/brussel/vo/000/bvo00014/vsc39230/slyb/boltz_4x96_KABC_mpnn800_16x50_v1/inputs/task_10/A27_bb017_s08_4x96KABC.yaml
10	A27_B132_B155	batch_02	A27_bb018_s01	59	/scratch/brussel/vo/000/bvo00014/vsc39230/slyb/boltz_4x96_KABC_mpnn800_16x50_v1/inputs/task_10/A27_bb018_s01_4x96KABC.yaml
10	A27_B132_B155	batch_02	A27_bb018_s02	59	/scratch/brussel/vo/000/bvo00014/vsc39230/slyb/boltz_4x96_KABC_mpnn800_16x50_v1/inputs/task_10/A27_bb018_s02_4x96KABC.yaml
10	A27_B132_B155	batch_02	A27_bb018_s03	59	/scratch/brussel/vo/000/bvo00014/vsc39230/slyb/boltz_4x96_KABC_mpnn800_16x50_v1/inputs/task_10/A27_bb018_s03_4x96KABC.yaml
10	A27_B132_B155	batch_02	A27_bb018_s04	59	/scratch/brussel/vo/000/bvo00014/vsc39230/slyb/boltz_4x96_KABC_mpnn800_16x50_v1/inputs/task_10/A27_bb018_s04_4x96KABC.yaml
10	A27_B132_B155	batch_02	A27_bb018_s05	59	/scratch/brussel/vo/000/bvo00014/vsc39230/slyb/boltz_4x96_KABC_mpnn800_16x50_v1/inputs/task_10/A27_bb018_s05_4x96KABC.yaml
10	A27_B132_B155	batch_02	A27_bb018_s06	59	/scratch/brussel/vo/000/bvo00014/vsc39230/slyb/boltz_4x96_KABC_mpnn800_16x50_v1/inputs/task_10/A27_bb018_s06_4x96KABC.yaml
11	A27_B132_B155	batch_03	A27_bb018_s07	59	/scratch/brussel/vo/000/bvo00014/vsc39230/slyb/boltz_4x96_KABC_mpnn800_16x50_v1/inputs/task_11/A27_bb018_s07_4x96KABC.yaml
11	A27_B132_B155	batch_03	A27_bb018_s08	59	/scratch/brussel/vo/000/bvo00014/vsc39230/slyb/boltz_4x96_KABC_mpnn800_16x50_v1/inputs/task_11/A27_bb018_s08_4x96KABC.yaml
11	A27_B132_B155	batch_03	A27_bb019_s01	59	/scratch/brussel/vo/000/bvo00014/vsc39230/slyb/boltz_4x96_KABC_mpnn800_16x50_v1/inputs/task_11/A27_bb019_s01_4x96KABC.yaml
11	A27_B132_B155	batch_03	A27_bb019_s02	59	/scratch/brussel/vo/000/bvo00014/vsc39230/slyb/boltz_4x96_KABC_mpnn800_16x50_v1/inputs/task_11/A27_bb019_s02_4x96KABC.yaml
11	A27_B132_B155	batch_03	A27_bb019_s03	59	/scratch/brussel/vo/000/bvo00014/vsc39230/slyb/boltz_4x96_KABC_mpnn800_16x50_v1/inputs/task_11/A27_bb019_s03_4x96KABC.yaml
11	A27_B132_B155	batch_03	A27_bb019_s04	59	/scratch/brussel/vo/000/bvo00014/vsc39230/slyb/boltz_4x96_KABC_mpnn800_16x50_v1/inputs/task_11/A27_bb019_s04_4x96KABC.yaml
11	A27_B132_B155	batch_03	A27_bb019_s05	59	/scratch/brussel/vo/000/bvo00014/vsc39230/slyb/boltz_4x96_KABC_mpnn800_16x50_v1/inputs/task_11/A27_bb019_s05_4x96KABC.yaml
11	A27_B132_B155	batch_03	A27_bb019_s06	59	/scratch/brussel/vo/000/bvo00014/vsc39230/slyb/boltz_4x96_KABC_mpnn800_16x50_v1/inputs/task_11/A27_bb019_s06_4x96KABC.yaml
11	A27_B132_B155	batch_03	A27_bb019_s07	59	/scratch/brussel/vo/000/bvo00014/vsc39230/slyb/boltz_4x96_KABC_mpnn800_16x50_v1/inputs/task_11/A27_bb019_s07_4x96KABC.yaml
11	A27_B132_B155	batch_03	A27_bb019_s08	59	/scratch/brussel/vo/000/bvo00014/vsc39230/slyb/boltz_4x96_KABC_mpnn800_16x50_v1/inputs/task_11/A27_bb019_s08_4x96KABC.yaml
11	A27_B132_B155	batch_03	A27_bb020_s01	62	/scratch/brussel/vo/000/bvo00014/vsc39230/slyb/boltz_4x96_KABC_mpnn800_16x50_v1/inputs/task_11/A27_bb020_s01_4x96KABC.yaml
11	A27_B132_B155	batch_03	A27_bb020_s02	62	/scratch/brussel/vo/000/bvo00014/vsc39230/slyb/boltz_4x96_KABC_mpnn800_16x50_v1/inputs/task_11/A27_bb020_s02_4x96KABC.yaml
11	A27_B132_B155	batch_03	A27_bb020_s03	62	/scratch/brussel/vo/000/bvo00014/vsc39230/slyb/boltz_4x96_KABC_mpnn800_16x50_v1/inputs/task_11/A27_bb020_s03_4x96KABC.yaml
11	A27_B132_B155	batch_03	A27_bb020_s04	62	/scratch/brussel/vo/000/bvo00014/vsc39230/slyb/boltz_4x96_KABC_mpnn800_16x50_v1/inputs/task_11/A27_bb020_s04_4x96KABC.yaml
11	A27_B132_B155	batch_03	A27_bb020_s05	62	/scratch/brussel/vo/000/bvo00014/vsc39230/slyb/boltz_4x96_KABC_mpnn800_16x50_v1/inputs/task_11/A27_bb020_s05_4x96KABC.yaml
11	A27_B132_B155	batch_03	A27_bb020_s06	62	/scratch/brussel/vo/000/bvo00014/vsc39230/slyb/boltz_4x96_KABC_mpnn800_16x50_v1/inputs/task_11/A27_bb020_s06_4x96KABC.yaml
11	A27_B132_B155	batch_03	A27_bb020_s07	62	/scratch/brussel/vo/000/bvo00014/vsc39230/slyb/boltz_4x96_KABC_mpnn800_16x50_v1/inputs/task_11/A27_bb020_s07_4x96KABC.yaml
11	A27_B132_B155	batch_03	A27_bb020_s08	62	/scratch/brussel/vo/000/bvo00014/vsc39230/slyb/boltz_4x96_KABC_mpnn800_16x50_v1/inputs/task_11/A27_bb020_s08_4x96KABC.yaml
11	A27_B132_B155	batch_03	A27_bb021_s01	62	/scratch/brussel/vo/000/bvo00014/vsc39230/slyb/boltz_4x96_KABC_mpnn800_16x50_v1/inputs/task_11/A27_bb021_s01_4x96KABC.yaml
11	A27_B132_B155	batch_03	A27_bb021_s02	62	/scratch/brussel/vo/000/bvo00014/vsc39230/slyb/boltz_4x96_KABC_mpnn800_16x50_v1/inputs/task_11/A27_bb021_s02_4x96KABC.yaml
11	A27_B132_B155	batch_03	A27_bb021_s03	62	/scratch/brussel/vo/000/bvo00014/vsc39230/slyb/boltz_4x96_KABC_mpnn800_16x50_v1/inputs/task_11/A27_bb021_s03_4x96KABC.yaml
11	A27_B132_B155	batch_03	A27_bb021_s04	62	/scratch/brussel/vo/000/bvo00014/vsc39230/slyb/boltz_4x96_KABC_mpnn800_16x50_v1/inputs/task_11/A27_bb021_s04_4x96KABC.yaml
11	A27_B132_B155	batch_03	A27_bb021_s05	62	/scratch/brussel/vo/000/bvo00014/vsc39230/slyb/boltz_4x96_KABC_mpnn800_16x50_v1/inputs/task_11/A27_bb021_s05_4x96KABC.yaml
11	A27_B132_B155	batch_03	A27_bb021_s06	62	/scratch/brussel/vo/000/bvo00014/vsc39230/slyb/boltz_4x96_KABC_mpnn800_16x50_v1/inputs/task_11/A27_bb021_s06_4x96KABC.yaml
11	A27_B132_B155	batch_03	A27_bb021_s07	62	/scratch/brussel/vo/000/bvo00014/vsc39230/slyb/boltz_4x96_KABC_mpnn800_16x50_v1/inputs/task_11/A27_bb021_s07_4x96KABC.yaml
11	A27_B132_B155	batch_03	A27_bb021_s08	62	/scratch/brussel/vo/000/bvo00014/vsc39230/slyb/boltz_4x96_KABC_mpnn800_16x50_v1/inputs/task_11/A27_bb021_s08_4x96KABC.yaml
11	A27_B132_B155	batch_03	A27_bb022_s01	62	/scratch/brussel/vo/000/bvo00014/vsc39230/slyb/boltz_4x96_KABC_mpnn800_16x50_v1/inputs/task_11/A27_bb022_s01_4x96KABC.yaml
11	A27_B132_B155	batch_03	A27_bb022_s02	62	/scratch/brussel/vo/000/bvo00014/vsc39230/slyb/boltz_4x96_KABC_mpnn800_16x50_v1/inputs/task_11/A27_bb022_s02_4x96KABC.yaml
11	A27_B132_B155	batch_03	A27_bb022_s03	62	/scratch/brussel/vo/000/bvo00014/vsc39230/slyb/boltz_4x96_KABC_mpnn800_16x50_v1/inputs/task_11/A27_bb022_s03_4x96KABC.yaml
11	A27_B132_B155	batch_03	A27_bb022_s04	62	/scratch/brussel/vo/000/bvo00014/vsc39230/slyb/boltz_4x96_KABC_mpnn800_16x50_v1/inputs/task_11/A27_bb022_s04_4x96KABC.yaml
11	A27_B132_B155	batch_03	A27_bb022_s05	62	/scratch/brussel/vo/000/bvo00014/vsc39230/slyb/boltz_4x96_KABC_mpnn800_16x50_v1/inputs/task_11/A27_bb022_s05_4x96KABC.yaml
11	A27_B132_B155	batch_03	A27_bb022_s06	62	/scratch/brussel/vo/000/bvo00014/vsc39230/slyb/boltz_4x96_KABC_mpnn800_16x50_v1/inputs/task_11/A27_bb022_s06_4x96KABC.yaml
11	A27_B132_B155	batch_03	A27_bb022_s07	62	/scratch/brussel/vo/000/bvo00014/vsc39230/slyb/boltz_4x96_KABC_mpnn800_16x50_v1/inputs/task_11/A27_bb022_s07_4x96KABC.yaml
11	A27_B132_B155	batch_03	A27_bb022_s08	62	/scratch/brussel/vo/000/bvo00014/vsc39230/slyb/boltz_4x96_KABC_mpnn800_16x50_v1/inputs/task_11/A27_bb022_s08_4x96KABC.yaml
11	A27_B132_B155	batch_03	A27_bb023_s01	62	/scratch/brussel/vo/000/bvo00014/vsc39230/slyb/boltz_4x96_KABC_mpnn800_16x50_v1/inputs/task_11/A27_bb023_s01_4x96KABC.yaml
11	A27_B132_B155	batch_03	A27_bb023_s02	62	/scratch/brussel/vo/000/bvo00014/vsc39230/slyb/boltz_4x96_KABC_mpnn800_16x50_v1/inputs/task_11/A27_bb023_s02_4x96KABC.yaml
11	A27_B132_B155	batch_03	A27_bb023_s03	62	/scratch/brussel/vo/000/bvo00014/vsc39230/slyb/boltz_4x96_KABC_mpnn800_16x50_v1/inputs/task_11/A27_bb023_s03_4x96KABC.yaml
11	A27_B132_B155	batch_03	A27_bb023_s04	62	/scratch/brussel/vo/000/bvo00014/vsc39230/slyb/boltz_4x96_KABC_mpnn800_16x50_v1/inputs/task_11/A27_bb023_s04_4x96KABC.yaml
11	A27_B132_B155	batch_03	A27_bb023_s05	62	/scratch/brussel/vo/000/bvo00014/vsc39230/slyb/boltz_4x96_KABC_mpnn800_16x50_v1/inputs/task_11/A27_bb023_s05_4x96KABC.yaml
11	A27_B132_B155	batch_03	A27_bb023_s06	62	/scratch/brussel/vo/000/bvo00014/vsc39230/slyb/boltz_4x96_KABC_mpnn800_16x50_v1/inputs/task_11/A27_bb023_s06_4x96KABC.yaml
11	A27_B132_B155	batch_03	A27_bb023_s07	62	/scratch/brussel/vo/000/bvo00014/vsc39230/slyb/boltz_4x96_KABC_mpnn800_16x50_v1/inputs/task_11/A27_bb023_s07_4x96KABC.yaml
11	A27_B132_B155	batch_03	A27_bb023_s08	62	/scratch/brussel/vo/000/bvo00014/vsc39230/slyb/boltz_4x96_KABC_mpnn800_16x50_v1/inputs/task_11/A27_bb023_s08_4x96KABC.yaml
11	A27_B132_B155	batch_03	A27_bb024_s01	62	/scratch/brussel/vo/000/bvo00014/vsc39230/slyb/boltz_4x96_KABC_mpnn800_16x50_v1/inputs/task_11/A27_bb024_s01_4x96KABC.yaml
11	A27_B132_B155	batch_03	A27_bb024_s02	62	/scratch/brussel/vo/000/bvo00014/vsc39230/slyb/boltz_4x96_KABC_mpnn800_16x50_v1/inputs/task_11/A27_bb024_s02_4x96KABC.yaml
11	A27_B132_B155	batch_03	A27_bb024_s03	62	/scratch/brussel/vo/000/bvo00014/vsc39230/slyb/boltz_4x96_KABC_mpnn800_16x50_v1/inputs/task_11/A27_bb024_s03_4x96KABC.yaml
11	A27_B132_B155	batch_03	A27_bb024_s04	62	/scratch/brussel/vo/000/bvo00014/vsc39230/slyb/boltz_4x96_KABC_mpnn800_16x50_v1/inputs/task_11/A27_bb024_s04_4x96KABC.yaml
11	A27_B132_B155	batch_03	A27_bb024_s05	62	/scratch/brussel/vo/000/bvo00014/vsc39230/slyb/boltz_4x96_KABC_mpnn800_16x50_v1/inputs/task_11/A27_bb024_s05_4x96KABC.yaml
11	A27_B132_B155	batch_03	A27_bb024_s06	62	/scratch/brussel/vo/000/bvo00014/vsc39230/slyb/boltz_4x96_KABC_mpnn800_16x50_v1/inputs/task_11/A27_bb024_s06_4x96KABC.yaml
11	A27_B132_B155	batch_03	A27_bb024_s07	62	/scratch/brussel/vo/000/bvo00014/vsc39230/slyb/boltz_4x96_KABC_mpnn800_16x50_v1/inputs/task_11/A27_bb024_s07_4x96KABC.yaml
11	A27_B132_B155	batch_03	A27_bb024_s08	62	/scratch/brussel/vo/000/bvo00014/vsc39230/slyb/boltz_4x96_KABC_mpnn800_16x50_v1/inputs/task_11/A27_bb024_s08_4x96KABC.yaml
12	A27_B132_B155	batch_04	A27_bb025_s01	62	/scratch/brussel/vo/000/bvo00014/vsc39230/slyb/boltz_4x96_KABC_mpnn800_16x50_v1/inputs/task_12/A27_bb025_s01_4x96KABC.yaml
12	A27_B132_B155	batch_04	A27_bb025_s02	62	/scratch/brussel/vo/000/bvo00014/vsc39230/slyb/boltz_4x96_KABC_mpnn800_16x50_v1/inputs/task_12/A27_bb025_s02_4x96KABC.yaml
12	A27_B132_B155	batch_04	A27_bb025_s03	62	/scratch/brussel/vo/000/bvo00014/vsc39230/slyb/boltz_4x96_KABC_mpnn800_16x50_v1/inputs/task_12/A27_bb025_s03_4x96KABC.yaml
12	A27_B132_B155	batch_04	A27_bb025_s04	62	/scratch/brussel/vo/000/bvo00014/vsc39230/slyb/boltz_4x96_KABC_mpnn800_16x50_v1/inputs/task_12/A27_bb025_s04_4x96KABC.yaml
12	A27_B132_B155	batch_04	A27_bb025_s05	62	/scratch/brussel/vo/000/bvo00014/vsc39230/slyb/boltz_4x96_KABC_mpnn800_16x50_v1/inputs/task_12/A27_bb025_s05_4x96KABC.yaml
12	A27_B132_B155	batch_04	A27_bb025_s06	62	/scratch/brussel/vo/000/bvo00014/vsc39230/slyb/boltz_4x96_KABC_mpnn800_16x50_v1/inputs/task_12/A27_bb025_s06_4x96KABC.yaml
12	A27_B132_B155	batch_04	A27_bb025_s07	62	/scratch/brussel/vo/000/bvo00014/vsc39230/slyb/boltz_4x96_KABC_mpnn800_16x50_v1/inputs/task_12/A27_bb025_s07_4x96KABC.yaml
12	A27_B132_B155	batch_04	A27_bb025_s08	62	/scratch/brussel/vo/000/bvo00014/vsc39230/slyb/boltz_4x96_KABC_mpnn800_16x50_v1/inputs/task_12/A27_bb025_s08_4x96KABC.yaml
12	A27_B132_B155	batch_04	A27_bb026_s01	62	/scratch/brussel/vo/000/bvo00014/vsc39230/slyb/boltz_4x96_KABC_mpnn800_16x50_v1/inputs/task_12/A27_bb026_s01_4x96KABC.yaml
12	A27_B132_B155	batch_04	A27_bb026_s02	62	/scratch/brussel/vo/000/bvo00014/vsc39230/slyb/boltz_4x96_KABC_mpnn800_16x50_v1/inputs/task_12/A27_bb026_s02_4x96KABC.yaml
12	A27_B132_B155	batch_04	A27_bb026_s03	62	/scratch/brussel/vo/000/bvo00014/vsc39230/slyb/boltz_4x96_KABC_mpnn800_16x50_v1/inputs/task_12/A27_bb026_s03_4x96KABC.yaml
12	A27_B132_B155	batch_04	A27_bb026_s04	62	/scratch/brussel/vo/000/bvo00014/vsc39230/slyb/boltz_4x96_KABC_mpnn800_16x50_v1/inputs/task_12/A27_bb026_s04_4x96KABC.yaml
12	A27_B132_B155	batch_04	A27_bb026_s05	62	/scratch/brussel/vo/000/bvo00014/vsc39230/slyb/boltz_4x96_KABC_mpnn800_16x50_v1/inputs/task_12/A27_bb026_s05_4x96KABC.yaml
12	A27_B132_B155	batch_04	A27_bb026_s06	62	/scratch/brussel/vo/000/bvo00014/vsc39230/slyb/boltz_4x96_KABC_mpnn800_16x50_v1/inputs/task_12/A27_bb026_s06_4x96KABC.yaml
12	A27_B132_B155	batch_04	A27_bb026_s07	62	/scratch/brussel/vo/000/bvo00014/vsc39230/slyb/boltz_4x96_KABC_mpnn800_16x50_v1/inputs/task_12/A27_bb026_s07_4x96KABC.yaml
12	A27_B132_B155	batch_04	A27_bb026_s08	62	/scratch/brussel/vo/000/bvo00014/vsc39230/slyb/boltz_4x96_KABC_mpnn800_16x50_v1/inputs/task_12/A27_bb026_s08_4x96KABC.yaml
12	A27_B132_B155	batch_04	A27_bb027_s01	62	/scratch/brussel/vo/000/bvo00014/vsc39230/slyb/boltz_4x96_KABC_mpnn800_16x50_v1/inputs/task_12/A27_bb027_s01_4x96KABC.yaml
12	A27_B132_B155	batch_04	A27_bb027_s02	62	/scratch/brussel/vo/000/bvo00014/vsc39230/slyb/boltz_4x96_KABC_mpnn800_16x50_v1/inputs/task_12/A27_bb027_s02_4x96KABC.yaml
12	A27_B132_B155	batch_04	A27_bb027_s03	62	/scratch/brussel/vo/000/bvo00014/vsc39230/slyb/boltz_4x96_KABC_mpnn800_16x50_v1/inputs/task_12/A27_bb027_s03_4x96KABC.yaml
12	A27_B132_B155	batch_04	A27_bb027_s04	62	/scratch/brussel/vo/000/bvo00014/vsc39230/slyb/boltz_4x96_KABC_mpnn800_16x50_v1/inputs/task_12/A27_bb027_s04_4x96KABC.yaml
12	A27_B132_B155	batch_04	A27_bb027_s05	62	/scratch/brussel/vo/000/bvo00014/vsc39230/slyb/boltz_4x96_KABC_mpnn800_16x50_v1/inputs/task_12/A27_bb027_s05_4x96KABC.yaml
12	A27_B132_B155	batch_04	A27_bb027_s06	62	/scratch/brussel/vo/000/bvo00014/vsc39230/slyb/boltz_4x96_KABC_mpnn800_16x50_v1/inputs/task_12/A27_bb027_s06_4x96KABC.yaml
12	A27_B132_B155	batch_04	A27_bb027_s07	62	/scratch/brussel/vo/000/bvo00014/vsc39230/slyb/boltz_4x96_KABC_mpnn800_16x50_v1/inputs/task_12/A27_bb027_s07_4x96KABC.yaml
12	A27_B132_B155	batch_04	A27_bb027_s08	62	/scratch/brussel/vo/000/bvo00014/vsc39230/slyb/boltz_4x96_KABC_mpnn800_16x50_v1/inputs/task_12/A27_bb027_s08_4x96KABC.yaml
12	A27_B132_B155	batch_04	A27_bb028_s01	62	/scratch/brussel/vo/000/bvo00014/vsc39230/slyb/boltz_4x96_KABC_mpnn800_16x50_v1/inputs/task_12/A27_bb028_s01_4x96KABC.yaml
12	A27_B132_B155	batch_04	A27_bb028_s02	62	/scratch/brussel/vo/000/bvo00014/vsc39230/slyb/boltz_4x96_KABC_mpnn800_16x50_v1/inputs/task_12/A27_bb028_s02_4x96KABC.yaml
12	A27_B132_B155	batch_04	A27_bb028_s03	62	/scratch/brussel/vo/000/bvo00014/vsc39230/slyb/boltz_4x96_KABC_mpnn800_16x50_v1/inputs/task_12/A27_bb028_s03_4x96KABC.yaml
12	A27_B132_B155	batch_04	A27_bb028_s04	62	/scratch/brussel/vo/000/bvo00014/vsc39230/slyb/boltz_4x96_KABC_mpnn800_16x50_v1/inputs/task_12/A27_bb028_s04_4x96KABC.yaml
12	A27_B132_B155	batch_04	A27_bb028_s05	62	/scratch/brussel/vo/000/bvo00014/vsc39230/slyb/boltz_4x96_KABC_mpnn800_16x50_v1/inputs/task_12/A27_bb028_s05_4x96KABC.yaml
12	A27_B132_B155	batch_04	A27_bb028_s06	62	/scratch/brussel/vo/000/bvo00014/vsc39230/slyb/boltz_4x96_KABC_mpnn800_16x50_v1/inputs/task_12/A27_bb028_s06_4x96KABC.yaml
12	A27_B132_B155	batch_04	A27_bb028_s07	62	/scratch/brussel/vo/000/bvo00014/vsc39230/slyb/boltz_4x96_KABC_mpnn800_16x50_v1/inputs/task_12/A27_bb028_s07_4x96KABC.yaml
12	A27_B132_B155	batch_04	A27_bb028_s08	62	/scratch/brussel/vo/000/bvo00014/vsc39230/slyb/boltz_4x96_KABC_mpnn800_16x50_v1/inputs/task_12/A27_bb028_s08_4x96KABC.yaml
12	A27_B132_B155	batch_04	A27_bb029_s01	62	/scratch/brussel/vo/000/bvo00014/vsc39230/slyb/boltz_4x96_KABC_mpnn800_16x50_v1/inputs/task_12/A27_bb029_s01_4x96KABC.yaml
12	A27_B132_B155	batch_04	A27_bb029_s02	62	/scratch/brussel/vo/000/bvo00014/vsc39230/slyb/boltz_4x96_KABC_mpnn800_16x50_v1/inputs/task_12/A27_bb029_s02_4x96KABC.yaml
12	A27_B132_B155	batch_04	A27_bb029_s03	62	/scratch/brussel/vo/000/bvo00014/vsc39230/slyb/boltz_4x96_KABC_mpnn800_16x50_v1/inputs/task_12/A27_bb029_s03_4x96KABC.yaml
12	A27_B132_B155	batch_04	A27_bb029_s04	62	/scratch/brussel/vo/000/bvo00014/vsc39230/slyb/boltz_4x96_KABC_mpnn800_16x50_v1/inputs/task_12/A27_bb029_s04_4x96KABC.yaml
12	A27_B132_B155	batch_04	A27_bb029_s05	62	/scratch/brussel/vo/000/bvo00014/vsc39230/slyb/boltz_4x96_KABC_mpnn800_16x50_v1/inputs/task_12/A27_bb029_s05_4x96KABC.yaml
12	A27_B132_B155	batch_04	A27_bb029_s06	62	/scratch/brussel/vo/000/bvo00014/vsc39230/slyb/boltz_4x96_KABC_mpnn800_16x50_v1/inputs/task_12/A27_bb029_s06_4x96KABC.yaml
12	A27_B132_B155	batch_04	A27_bb029_s07	62	/scratch/brussel/vo/000/bvo00014/vsc39230/slyb/boltz_4x96_KABC_mpnn800_16x50_v1/inputs/task_12/A27_bb029_s07_4x96KABC.yaml
12	A27_B132_B155	batch_04	A27_bb029_s08	62	/scratch/brussel/vo/000/bvo00014/vsc39230/slyb/boltz_4x96_KABC_mpnn800_16x50_v1/inputs/task_12/A27_bb029_s08_4x96KABC.yaml
12	A27_B132_B155	batch_04	A27_bb030_s01	58	/scratch/brussel/vo/000/bvo00014/vsc39230/slyb/boltz_4x96_KABC_mpnn800_16x50_v1/inputs/task_12/A27_bb030_s01_4x96KABC.yaml
12	A27_B132_B155	batch_04	A27_bb030_s02	58	/scratch/brussel/vo/000/bvo00014/vsc39230/slyb/boltz_4x96_KABC_mpnn800_16x50_v1/inputs/task_12/A27_bb030_s02_4x96KABC.yaml
12	A27_B132_B155	batch_04	A27_bb030_s03	58	/scratch/brussel/vo/000/bvo00014/vsc39230/slyb/boltz_4x96_KABC_mpnn800_16x50_v1/inputs/task_12/A27_bb030_s03_4x96KABC.yaml
12	A27_B132_B155	batch_04	A27_bb030_s04	58	/scratch/brussel/vo/000/bvo00014/vsc39230/slyb/boltz_4x96_KABC_mpnn800_16x50_v1/inputs/task_12/A27_bb030_s04_4x96KABC.yaml
12	A27_B132_B155	batch_04	A27_bb030_s05	58	/scratch/brussel/vo/000/bvo00014/vsc39230/slyb/boltz_4x96_KABC_mpnn800_16x50_v1/inputs/task_12/A27_bb030_s05_4x96KABC.yaml
12	A27_B132_B155	batch_04	A27_bb030_s06	58	/scratch/brussel/vo/000/bvo00014/vsc39230/slyb/boltz_4x96_KABC_mpnn800_16x50_v1/inputs/task_12/A27_bb030_s06_4x96KABC.yaml
12	A27_B132_B155	batch_04	A27_bb030_s07	58	/scratch/brussel/vo/000/bvo00014/vsc39230/slyb/boltz_4x96_KABC_mpnn800_16x50_v1/inputs/task_12/A27_bb030_s07_4x96KABC.yaml
12	A27_B132_B155	batch_04	A27_bb030_s08	58	/scratch/brussel/vo/000/bvo00014/vsc39230/slyb/boltz_4x96_KABC_mpnn800_16x50_v1/inputs/task_12/A27_bb030_s08_4x96KABC.yaml
12	A27_B132_B155	batch_04	A27_bb031_s01	58	/scratch/brussel/vo/000/bvo00014/vsc39230/slyb/boltz_4x96_KABC_mpnn800_16x50_v1/inputs/task_12/A27_bb031_s01_4x96KABC.yaml
12	A27_B132_B155	batch_04	A27_bb031_s02	58	/scratch/brussel/vo/000/bvo00014/vsc39230/slyb/boltz_4x96_KABC_mpnn800_16x50_v1/inputs/task_12/A27_bb031_s02_4x96KABC.yaml
13	A27_B132_B155	batch_05	A27_bb031_s03	58	/scratch/brussel/vo/000/bvo00014/vsc39230/slyb/boltz_4x96_KABC_mpnn800_16x50_v1/inputs/task_13/A27_bb031_s03_4x96KABC.yaml
13	A27_B132_B155	batch_05	A27_bb031_s04	58	/scratch/brussel/vo/000/bvo00014/vsc39230/slyb/boltz_4x96_KABC_mpnn800_16x50_v1/inputs/task_13/A27_bb031_s04_4x96KABC.yaml
13	A27_B132_B155	batch_05	A27_bb031_s05	58	/scratch/brussel/vo/000/bvo00014/vsc39230/slyb/boltz_4x96_KABC_mpnn800_16x50_v1/inputs/task_13/A27_bb031_s05_4x96KABC.yaml
13	A27_B132_B155	batch_05	A27_bb031_s06	58	/scratch/brussel/vo/000/bvo00014/vsc39230/slyb/boltz_4x96_KABC_mpnn800_16x50_v1/inputs/task_13/A27_bb031_s06_4x96KABC.yaml
13	A27_B132_B155	batch_05	A27_bb031_s07	58	/scratch/brussel/vo/000/bvo00014/vsc39230/slyb/boltz_4x96_KABC_mpnn800_16x50_v1/inputs/task_13/A27_bb031_s07_4x96KABC.yaml
13	A27_B132_B155	batch_05	A27_bb031_s08	58	/scratch/brussel/vo/000/bvo00014/vsc39230/slyb/boltz_4x96_KABC_mpnn800_16x50_v1/inputs/task_13/A27_bb031_s08_4x96KABC.yaml
13	A27_B132_B155	batch_05	A27_bb032_s01	58	/scratch/brussel/vo/000/bvo00014/vsc39230/slyb/boltz_4x96_KABC_mpnn800_16x50_v1/inputs/task_13/A27_bb032_s01_4x96KABC.yaml
13	A27_B132_B155	batch_05	A27_bb032_s02	58	/scratch/brussel/vo/000/bvo00014/vsc39230/slyb/boltz_4x96_KABC_mpnn800_16x50_v1/inputs/task_13/A27_bb032_s02_4x96KABC.yaml
13	A27_B132_B155	batch_05	A27_bb032_s03	58	/scratch/brussel/vo/000/bvo00014/vsc39230/slyb/boltz_4x96_KABC_mpnn800_16x50_v1/inputs/task_13/A27_bb032_s03_4x96KABC.yaml
13	A27_B132_B155	batch_05	A27_bb032_s04	58	/scratch/brussel/vo/000/bvo00014/vsc39230/slyb/boltz_4x96_KABC_mpnn800_16x50_v1/inputs/task_13/A27_bb032_s04_4x96KABC.yaml
13	A27_B132_B155	batch_05	A27_bb032_s05	58	/scratch/brussel/vo/000/bvo00014/vsc39230/slyb/boltz_4x96_KABC_mpnn800_16x50_v1/inputs/task_13/A27_bb032_s05_4x96KABC.yaml
13	A27_B132_B155	batch_05	A27_bb032_s06	58	/scratch/brussel/vo/000/bvo00014/vsc39230/slyb/boltz_4x96_KABC_mpnn800_16x50_v1/inputs/task_13/A27_bb032_s06_4x96KABC.yaml
13	A27_B132_B155	batch_05	A27_bb032_s07	58	/scratch/brussel/vo/000/bvo00014/vsc39230/slyb/boltz_4x96_KABC_mpnn800_16x50_v1/inputs/task_13/A27_bb032_s07_4x96KABC.yaml
13	A27_B132_B155	batch_05	A27_bb032_s08	58	/scratch/brussel/vo/000/bvo00014/vsc39230/slyb/boltz_4x96_KABC_mpnn800_16x50_v1/inputs/task_13/A27_bb032_s08_4x96KABC.yaml
13	A27_B132_B155	batch_05	A27_bb033_s01	58	/scratch/brussel/vo/000/bvo00014/vsc39230/slyb/boltz_4x96_KABC_mpnn800_16x50_v1/inputs/task_13/A27_bb033_s01_4x96KABC.yaml
13	A27_B132_B155	batch_05	A27_bb033_s02	58	/scratch/brussel/vo/000/bvo00014/vsc39230/slyb/boltz_4x96_KABC_mpnn800_16x50_v1/inputs/task_13/A27_bb033_s02_4x96KABC.yaml
13	A27_B132_B155	batch_05	A27_bb033_s03	58	/scratch/brussel/vo/000/bvo00014/vsc39230/slyb/boltz_4x96_KABC_mpnn800_16x50_v1/inputs/task_13/A27_bb033_s03_4x96KABC.yaml
13	A27_B132_B155	batch_05	A27_bb033_s04	58	/scratch/brussel/vo/000/bvo00014/vsc39230/slyb/boltz_4x96_KABC_mpnn800_16x50_v1/inputs/task_13/A27_bb033_s04_4x96KABC.yaml
13	A27_B132_B155	batch_05	A27_bb033_s05	58	/scratch/brussel/vo/000/bvo00014/vsc39230/slyb/boltz_4x96_KABC_mpnn800_16x50_v1/inputs/task_13/A27_bb033_s05_4x96KABC.yaml
13	A27_B132_B155	batch_05	A27_bb033_s06	58	/scratch/brussel/vo/000/bvo00014/vsc39230/slyb/boltz_4x96_KABC_mpnn800_16x50_v1/inputs/task_13/A27_bb033_s06_4x96KABC.yaml
13	A27_B132_B155	batch_05	A27_bb033_s07	58	/scratch/brussel/vo/000/bvo00014/vsc39230/slyb/boltz_4x96_KABC_mpnn800_16x50_v1/inputs/task_13/A27_bb033_s07_4x96KABC.yaml
13	A27_B132_B155	batch_05	A27_bb033_s08	58	/scratch/brussel/vo/000/bvo00014/vsc39230/slyb/boltz_4x96_KABC_mpnn800_16x50_v1/inputs/task_13/A27_bb033_s08_4x96KABC.yaml
13	A27_B132_B155	batch_05	A27_bb034_s01	58	/scratch/brussel/vo/000/bvo00014/vsc39230/slyb/boltz_4x96_KABC_mpnn800_16x50_v1/inputs/task_13/A27_bb034_s01_4x96KABC.yaml
13	A27_B132_B155	batch_05	A27_bb034_s02	58	/scratch/brussel/vo/000/bvo00014/vsc39230/slyb/boltz_4x96_KABC_mpnn800_16x50_v1/inputs/task_13/A27_bb034_s02_4x96KABC.yaml
13	A27_B132_B155	batch_05	A27_bb034_s03	58	/scratch/brussel/vo/000/bvo00014/vsc39230/slyb/boltz_4x96_KABC_mpnn800_16x50_v1/inputs/task_13/A27_bb034_s03_4x96KABC.yaml
13	A27_B132_B155	batch_05	A27_bb034_s04	58	/scratch/brussel/vo/000/bvo00014/vsc39230/slyb/boltz_4x96_KABC_mpnn800_16x50_v1/inputs/task_13/A27_bb034_s04_4x96KABC.yaml
13	A27_B132_B155	batch_05	A27_bb034_s05	58	/scratch/brussel/vo/000/bvo00014/vsc39230/slyb/boltz_4x96_KABC_mpnn800_16x50_v1/inputs/task_13/A27_bb034_s05_4x96KABC.yaml
13	A27_B132_B155	batch_05	A27_bb034_s06	58	/scratch/brussel/vo/000/bvo00014/vsc39230/slyb/boltz_4x96_KABC_mpnn800_16x50_v1/inputs/task_13/A27_bb034_s06_4x96KABC.yaml
13	A27_B132_B155	batch_05	A27_bb034_s07	58	/scratch/brussel/vo/000/bvo00014/vsc39230/slyb/boltz_4x96_KABC_mpnn800_16x50_v1/inputs/task_13/A27_bb034_s07_4x96KABC.yaml
13	A27_B132_B155	batch_05	A27_bb034_s08	58	/scratch/brussel/vo/000/bvo00014/vsc39230/slyb/boltz_4x96_KABC_mpnn800_16x50_v1/inputs/task_13/A27_bb034_s08_4x96KABC.yaml
13	A27_B132_B155	batch_05	A27_bb035_s01	58	/scratch/brussel/vo/000/bvo00014/vsc39230/slyb/boltz_4x96_KABC_mpnn800_16x50_v1/inputs/task_13/A27_bb035_s01_4x96KABC.yaml
13	A27_B132_B155	batch_05	A27_bb035_s02	58	/scratch/brussel/vo/000/bvo00014/vsc39230/slyb/boltz_4x96_KABC_mpnn800_16x50_v1/inputs/task_13/A27_bb035_s02_4x96KABC.yaml
13	A27_B132_B155	batch_05	A27_bb035_s03	58	/scratch/brussel/vo/000/bvo00014/vsc39230/slyb/boltz_4x96_KABC_mpnn800_16x50_v1/inputs/task_13/A27_bb035_s03_4x96KABC.yaml
13	A27_B132_B155	batch_05	A27_bb035_s04	58	/scratch/brussel/vo/000/bvo00014/vsc39230/slyb/boltz_4x96_KABC_mpnn800_16x50_v1/inputs/task_13/A27_bb035_s04_4x96KABC.yaml
13	A27_B132_B155	batch_05	A27_bb035_s05	58	/scratch/brussel/vo/000/bvo00014/vsc39230/slyb/boltz_4x96_KABC_mpnn800_16x50_v1/inputs/task_13/A27_bb035_s05_4x96KABC.yaml
13	A27_B132_B155	batch_05	A27_bb035_s06	58	/scratch/brussel/vo/000/bvo00014/vsc39230/slyb/boltz_4x96_KABC_mpnn800_16x50_v1/inputs/task_13/A27_bb035_s06_4x96KABC.yaml
13	A27_B132_B155	batch_05	A27_bb035_s07	58	/scratch/brussel/vo/000/bvo00014/vsc39230/slyb/boltz_4x96_KABC_mpnn800_16x50_v1/inputs/task_13/A27_bb035_s07_4x96KABC.yaml
13	A27_B132_B155	batch_05	A27_bb035_s08	58	/scratch/brussel/vo/000/bvo00014/vsc39230/slyb/boltz_4x96_KABC_mpnn800_16x50_v1/inputs/task_13/A27_bb035_s08_4x96KABC.yaml
13	A27_B132_B155	batch_05	A27_bb036_s01	58	/scratch/brussel/vo/000/bvo00014/vsc39230/slyb/boltz_4x96_KABC_mpnn800_16x50_v1/inputs/task_13/A27_bb036_s01_4x96KABC.yaml
13	A27_B132_B155	batch_05	A27_bb036_s02	58	/scratch/brussel/vo/000/bvo00014/vsc39230/slyb/boltz_4x96_KABC_mpnn800_16x50_v1/inputs/task_13/A27_bb036_s02_4x96KABC.yaml
13	A27_B132_B155	batch_05	A27_bb036_s03	58	/scratch/brussel/vo/000/bvo00014/vsc39230/slyb/boltz_4x96_KABC_mpnn800_16x50_v1/inputs/task_13/A27_bb036_s03_4x96KABC.yaml
13	A27_B132_B155	batch_05	A27_bb036_s04	58	/scratch/brussel/vo/000/bvo00014/vsc39230/slyb/boltz_4x96_KABC_mpnn800_16x50_v1/inputs/task_13/A27_bb036_s04_4x96KABC.yaml
13	A27_B132_B155	batch_05	A27_bb036_s05	58	/scratch/brussel/vo/000/bvo00014/vsc39230/slyb/boltz_4x96_KABC_mpnn800_16x50_v1/inputs/task_13/A27_bb036_s05_4x96KABC.yaml
13	A27_B132_B155	batch_05	A27_bb036_s06	58	/scratch/brussel/vo/000/bvo00014/vsc39230/slyb/boltz_4x96_KABC_mpnn800_16x50_v1/inputs/task_13/A27_bb036_s06_4x96KABC.yaml
13	A27_B132_B155	batch_05	A27_bb036_s07	58	/scratch/brussel/vo/000/bvo00014/vsc39230/slyb/boltz_4x96_KABC_mpnn800_16x50_v1/inputs/task_13/A27_bb036_s07_4x96KABC.yaml
13	A27_B132_B155	batch_05	A27_bb036_s08	58	/scratch/brussel/vo/000/bvo00014/vsc39230/slyb/boltz_4x96_KABC_mpnn800_16x50_v1/inputs/task_13/A27_bb036_s08_4x96KABC.yaml
13	A27_B132_B155	batch_05	A27_bb037_s01	58	/scratch/brussel/vo/000/bvo00014/vsc39230/slyb/boltz_4x96_KABC_mpnn800_16x50_v1/inputs/task_13/A27_bb037_s01_4x96KABC.yaml
13	A27_B132_B155	batch_05	A27_bb037_s02	58	/scratch/brussel/vo/000/bvo00014/vsc39230/slyb/boltz_4x96_KABC_mpnn800_16x50_v1/inputs/task_13/A27_bb037_s02_4x96KABC.yaml
13	A27_B132_B155	batch_05	A27_bb037_s03	58	/scratch/brussel/vo/000/bvo00014/vsc39230/slyb/boltz_4x96_KABC_mpnn800_16x50_v1/inputs/task_13/A27_bb037_s03_4x96KABC.yaml
13	A27_B132_B155	batch_05	A27_bb037_s04	58	/scratch/brussel/vo/000/bvo00014/vsc39230/slyb/boltz_4x96_KABC_mpnn800_16x50_v1/inputs/task_13/A27_bb037_s04_4x96KABC.yaml
14	A27_B132_B155	batch_06	A27_bb037_s05	58	/scratch/brussel/vo/000/bvo00014/vsc39230/slyb/boltz_4x96_KABC_mpnn800_16x50_v1/inputs/task_14/A27_bb037_s05_4x96KABC.yaml
14	A27_B132_B155	batch_06	A27_bb037_s06	58	/scratch/brussel/vo/000/bvo00014/vsc39230/slyb/boltz_4x96_KABC_mpnn800_16x50_v1/inputs/task_14/A27_bb037_s06_4x96KABC.yaml
14	A27_B132_B155	batch_06	A27_bb037_s07	58	/scratch/brussel/vo/000/bvo00014/vsc39230/slyb/boltz_4x96_KABC_mpnn800_16x50_v1/inputs/task_14/A27_bb037_s07_4x96KABC.yaml
14	A27_B132_B155	batch_06	A27_bb037_s08	58	/scratch/brussel/vo/000/bvo00014/vsc39230/slyb/boltz_4x96_KABC_mpnn800_16x50_v1/inputs/task_14/A27_bb037_s08_4x96KABC.yaml
14	A27_B132_B155	batch_06	A27_bb038_s01	58	/scratch/brussel/vo/000/bvo00014/vsc39230/slyb/boltz_4x96_KABC_mpnn800_16x50_v1/inputs/task_14/A27_bb038_s01_4x96KABC.yaml
14	A27_B132_B155	batch_06	A27_bb038_s02	58	/scratch/brussel/vo/000/bvo00014/vsc39230/slyb/boltz_4x96_KABC_mpnn800_16x50_v1/inputs/task_14/A27_bb038_s02_4x96KABC.yaml
14	A27_B132_B155	batch_06	A27_bb038_s03	58	/scratch/brussel/vo/000/bvo00014/vsc39230/slyb/boltz_4x96_KABC_mpnn800_16x50_v1/inputs/task_14/A27_bb038_s03_4x96KABC.yaml
14	A27_B132_B155	batch_06	A27_bb038_s04	58	/scratch/brussel/vo/000/bvo00014/vsc39230/slyb/boltz_4x96_KABC_mpnn800_16x50_v1/inputs/task_14/A27_bb038_s04_4x96KABC.yaml
14	A27_B132_B155	batch_06	A27_bb038_s05	58	/scratch/brussel/vo/000/bvo00014/vsc39230/slyb/boltz_4x96_KABC_mpnn800_16x50_v1/inputs/task_14/A27_bb038_s05_4x96KABC.yaml
14	A27_B132_B155	batch_06	A27_bb038_s06	58	/scratch/brussel/vo/000/bvo00014/vsc39230/slyb/boltz_4x96_KABC_mpnn800_16x50_v1/inputs/task_14/A27_bb038_s06_4x96KABC.yaml
14	A27_B132_B155	batch_06	A27_bb038_s07	58	/scratch/brussel/vo/000/bvo00014/vsc39230/slyb/boltz_4x96_KABC_mpnn800_16x50_v1/inputs/task_14/A27_bb038_s07_4x96KABC.yaml
14	A27_B132_B155	batch_06	A27_bb038_s08	58	/scratch/brussel/vo/000/bvo00014/vsc39230/slyb/boltz_4x96_KABC_mpnn800_16x50_v1/inputs/task_14/A27_bb038_s08_4x96KABC.yaml
14	A27_B132_B155	batch_06	A27_bb039_s01	58	/scratch/brussel/vo/000/bvo00014/vsc39230/slyb/boltz_4x96_KABC_mpnn800_16x50_v1/inputs/task_14/A27_bb039_s01_4x96KABC.yaml
14	A27_B132_B155	batch_06	A27_bb039_s02	58	/scratch/brussel/vo/000/bvo00014/vsc39230/slyb/boltz_4x96_KABC_mpnn800_16x50_v1/inputs/task_14/A27_bb039_s02_4x96KABC.yaml
14	A27_B132_B155	batch_06	A27_bb039_s03	58	/scratch/brussel/vo/000/bvo00014/vsc39230/slyb/boltz_4x96_KABC_mpnn800_16x50_v1/inputs/task_14/A27_bb039_s03_4x96KABC.yaml
14	A27_B132_B155	batch_06	A27_bb039_s04	58	/scratch/brussel/vo/000/bvo00014/vsc39230/slyb/boltz_4x96_KABC_mpnn800_16x50_v1/inputs/task_14/A27_bb039_s04_4x96KABC.yaml
14	A27_B132_B155	batch_06	A27_bb039_s05	58	/scratch/brussel/vo/000/bvo00014/vsc39230/slyb/boltz_4x96_KABC_mpnn800_16x50_v1/inputs/task_14/A27_bb039_s05_4x96KABC.yaml
14	A27_B132_B155	batch_06	A27_bb039_s06	58	/scratch/brussel/vo/000/bvo00014/vsc39230/slyb/boltz_4x96_KABC_mpnn800_16x50_v1/inputs/task_14/A27_bb039_s06_4x96KABC.yaml
14	A27_B132_B155	batch_06	A27_bb039_s07	58	/scratch/brussel/vo/000/bvo00014/vsc39230/slyb/boltz_4x96_KABC_mpnn800_16x50_v1/inputs/task_14/A27_bb039_s07_4x96KABC.yaml
14	A27_B132_B155	batch_06	A27_bb039_s08	58	/scratch/brussel/vo/000/bvo00014/vsc39230/slyb/boltz_4x96_KABC_mpnn800_16x50_v1/inputs/task_14/A27_bb039_s08_4x96KABC.yaml
14	A27_B132_B155	batch_06	A27_bb040_s01	58	/scratch/brussel/vo/000/bvo00014/vsc39230/slyb/boltz_4x96_KABC_mpnn800_16x50_v1/inputs/task_14/A27_bb040_s01_4x96KABC.yaml
14	A27_B132_B155	batch_06	A27_bb040_s02	58	/scratch/brussel/vo/000/bvo00014/vsc39230/slyb/boltz_4x96_KABC_mpnn800_16x50_v1/inputs/task_14/A27_bb040_s02_4x96KABC.yaml
14	A27_B132_B155	batch_06	A27_bb040_s03	58	/scratch/brussel/vo/000/bvo00014/vsc39230/slyb/boltz_4x96_KABC_mpnn800_16x50_v1/inputs/task_14/A27_bb040_s03_4x96KABC.yaml
14	A27_B132_B155	batch_06	A27_bb040_s04	58	/scratch/brussel/vo/000/bvo00014/vsc39230/slyb/boltz_4x96_KABC_mpnn800_16x50_v1/inputs/task_14/A27_bb040_s04_4x96KABC.yaml
14	A27_B132_B155	batch_06	A27_bb040_s05	58	/scratch/brussel/vo/000/bvo00014/vsc39230/slyb/boltz_4x96_KABC_mpnn800_16x50_v1/inputs/task_14/A27_bb040_s05_4x96KABC.yaml
14	A27_B132_B155	batch_06	A27_bb040_s06	58	/scratch/brussel/vo/000/bvo00014/vsc39230/slyb/boltz_4x96_KABC_mpnn800_16x50_v1/inputs/task_14/A27_bb040_s06_4x96KABC.yaml
14	A27_B132_B155	batch_06	A27_bb040_s07	58	/scratch/brussel/vo/000/bvo00014/vsc39230/slyb/boltz_4x96_KABC_mpnn800_16x50_v1/inputs/task_14/A27_bb040_s07_4x96KABC.yaml
14	A27_B132_B155	batch_06	A27_bb040_s08	58	/scratch/brussel/vo/000/bvo00014/vsc39230/slyb/boltz_4x96_KABC_mpnn800_16x50_v1/inputs/task_14/A27_bb040_s08_4x96KABC.yaml
14	A27_B132_B155	batch_06	A27_bb041_s01	58	/scratch/brussel/vo/000/bvo00014/vsc39230/slyb/boltz_4x96_KABC_mpnn800_16x50_v1/inputs/task_14/A27_bb041_s01_4x96KABC.yaml
14	A27_B132_B155	batch_06	A27_bb041_s02	58	/scratch/brussel/vo/000/bvo00014/vsc39230/slyb/boltz_4x96_KABC_mpnn800_16x50_v1/inputs/task_14/A27_bb041_s02_4x96KABC.yaml
14	A27_B132_B155	batch_06	A27_bb041_s03	58	/scratch/brussel/vo/000/bvo00014/vsc39230/slyb/boltz_4x96_KABC_mpnn800_16x50_v1/inputs/task_14/A27_bb041_s03_4x96KABC.yaml
14	A27_B132_B155	batch_06	A27_bb041_s04	58	/scratch/brussel/vo/000/bvo00014/vsc39230/slyb/boltz_4x96_KABC_mpnn800_16x50_v1/inputs/task_14/A27_bb041_s04_4x96KABC.yaml
14	A27_B132_B155	batch_06	A27_bb041_s05	58	/scratch/brussel/vo/000/bvo00014/vsc39230/slyb/boltz_4x96_KABC_mpnn800_16x50_v1/inputs/task_14/A27_bb041_s05_4x96KABC.yaml
14	A27_B132_B155	batch_06	A27_bb041_s06	58	/scratch/brussel/vo/000/bvo00014/vsc39230/slyb/boltz_4x96_KABC_mpnn800_16x50_v1/inputs/task_14/A27_bb041_s06_4x96KABC.yaml
14	A27_B132_B155	batch_06	A27_bb041_s07	58	/scratch/brussel/vo/000/bvo00014/vsc39230/slyb/boltz_4x96_KABC_mpnn800_16x50_v1/inputs/task_14/A27_bb041_s07_4x96KABC.yaml
14	A27_B132_B155	batch_06	A27_bb041_s08	58	/scratch/brussel/vo/000/bvo00014/vsc39230/slyb/boltz_4x96_KABC_mpnn800_16x50_v1/inputs/task_14/A27_bb041_s08_4x96KABC.yaml
14	A27_B132_B155	batch_06	A27_bb042_s01	58	/scratch/brussel/vo/000/bvo00014/vsc39230/slyb/boltz_4x96_KABC_mpnn800_16x50_v1/inputs/task_14/A27_bb042_s01_4x96KABC.yaml
14	A27_B132_B155	batch_06	A27_bb042_s02	58	/scratch/brussel/vo/000/bvo00014/vsc39230/slyb/boltz_4x96_KABC_mpnn800_16x50_v1/inputs/task_14/A27_bb042_s02_4x96KABC.yaml
14	A27_B132_B155	batch_06	A27_bb042_s03	58	/scratch/brussel/vo/000/bvo00014/vsc39230/slyb/boltz_4x96_KABC_mpnn800_16x50_v1/inputs/task_14/A27_bb042_s03_4x96KABC.yaml
14	A27_B132_B155	batch_06	A27_bb042_s04	58	/scratch/brussel/vo/000/bvo00014/vsc39230/slyb/boltz_4x96_KABC_mpnn800_16x50_v1/inputs/task_14/A27_bb042_s04_4x96KABC.yaml
14	A27_B132_B155	batch_06	A27_bb042_s05	58	/scratch/brussel/vo/000/bvo00014/vsc39230/slyb/boltz_4x96_KABC_mpnn800_16x50_v1/inputs/task_14/A27_bb042_s05_4x96KABC.yaml
14	A27_B132_B155	batch_06	A27_bb042_s06	58	/scratch/brussel/vo/000/bvo00014/vsc39230/slyb/boltz_4x96_KABC_mpnn800_16x50_v1/inputs/task_14/A27_bb042_s06_4x96KABC.yaml
14	A27_B132_B155	batch_06	A27_bb042_s07	58	/scratch/brussel/vo/000/bvo00014/vsc39230/slyb/boltz_4x96_KABC_mpnn800_16x50_v1/inputs/task_14/A27_bb042_s07_4x96KABC.yaml
14	A27_B132_B155	batch_06	A27_bb042_s08	58	/scratch/brussel/vo/000/bvo00014/vsc39230/slyb/boltz_4x96_KABC_mpnn800_16x50_v1/inputs/task_14/A27_bb042_s08_4x96KABC.yaml
14	A27_B132_B155	batch_06	A27_bb043_s01	58	/scratch/brussel/vo/000/bvo00014/vsc39230/slyb/boltz_4x96_KABC_mpnn800_16x50_v1/inputs/task_14/A27_bb043_s01_4x96KABC.yaml
14	A27_B132_B155	batch_06	A27_bb043_s02	58	/scratch/brussel/vo/000/bvo00014/vsc39230/slyb/boltz_4x96_KABC_mpnn800_16x50_v1/inputs/task_14/A27_bb043_s02_4x96KABC.yaml
14	A27_B132_B155	batch_06	A27_bb043_s03	58	/scratch/brussel/vo/000/bvo00014/vsc39230/slyb/boltz_4x96_KABC_mpnn800_16x50_v1/inputs/task_14/A27_bb043_s03_4x96KABC.yaml
14	A27_B132_B155	batch_06	A27_bb043_s04	58	/scratch/brussel/vo/000/bvo00014/vsc39230/slyb/boltz_4x96_KABC_mpnn800_16x50_v1/inputs/task_14/A27_bb043_s04_4x96KABC.yaml
14	A27_B132_B155	batch_06	A27_bb043_s05	58	/scratch/brussel/vo/000/bvo00014/vsc39230/slyb/boltz_4x96_KABC_mpnn800_16x50_v1/inputs/task_14/A27_bb043_s05_4x96KABC.yaml
14	A27_B132_B155	batch_06	A27_bb043_s06	58	/scratch/brussel/vo/000/bvo00014/vsc39230/slyb/boltz_4x96_KABC_mpnn800_16x50_v1/inputs/task_14/A27_bb043_s06_4x96KABC.yaml
15	A27_B132_B155	batch_07	A27_bb043_s07	58	/scratch/brussel/vo/000/bvo00014/vsc39230/slyb/boltz_4x96_KABC_mpnn800_16x50_v1/inputs/task_15/A27_bb043_s07_4x96KABC.yaml
15	A27_B132_B155	batch_07	A27_bb043_s08	58	/scratch/brussel/vo/000/bvo00014/vsc39230/slyb/boltz_4x96_KABC_mpnn800_16x50_v1/inputs/task_15/A27_bb043_s08_4x96KABC.yaml
15	A27_B132_B155	batch_07	A27_bb044_s01	58	/scratch/brussel/vo/000/bvo00014/vsc39230/slyb/boltz_4x96_KABC_mpnn800_16x50_v1/inputs/task_15/A27_bb044_s01_4x96KABC.yaml
15	A27_B132_B155	batch_07	A27_bb044_s02	58	/scratch/brussel/vo/000/bvo00014/vsc39230/slyb/boltz_4x96_KABC_mpnn800_16x50_v1/inputs/task_15/A27_bb044_s02_4x96KABC.yaml
15	A27_B132_B155	batch_07	A27_bb044_s03	58	/scratch/brussel/vo/000/bvo00014/vsc39230/slyb/boltz_4x96_KABC_mpnn800_16x50_v1/inputs/task_15/A27_bb044_s03_4x96KABC.yaml
15	A27_B132_B155	batch_07	A27_bb044_s04	58	/scratch/brussel/vo/000/bvo00014/vsc39230/slyb/boltz_4x96_KABC_mpnn800_16x50_v1/inputs/task_15/A27_bb044_s04_4x96KABC.yaml
15	A27_B132_B155	batch_07	A27_bb044_s05	58	/scratch/brussel/vo/000/bvo00014/vsc39230/slyb/boltz_4x96_KABC_mpnn800_16x50_v1/inputs/task_15/A27_bb044_s05_4x96KABC.yaml
15	A27_B132_B155	batch_07	A27_bb044_s06	58	/scratch/brussel/vo/000/bvo00014/vsc39230/slyb/boltz_4x96_KABC_mpnn800_16x50_v1/inputs/task_15/A27_bb044_s06_4x96KABC.yaml
15	A27_B132_B155	batch_07	A27_bb044_s07	58	/scratch/brussel/vo/000/bvo00014/vsc39230/slyb/boltz_4x96_KABC_mpnn800_16x50_v1/inputs/task_15/A27_bb044_s07_4x96KABC.yaml
15	A27_B132_B155	batch_07	A27_bb044_s08	58	/scratch/brussel/vo/000/bvo00014/vsc39230/slyb/boltz_4x96_KABC_mpnn800_16x50_v1/inputs/task_15/A27_bb044_s08_4x96KABC.yaml
15	A27_B132_B155	batch_07	A27_bb045_s01	58	/scratch/brussel/vo/000/bvo00014/vsc39230/slyb/boltz_4x96_KABC_mpnn800_16x50_v1/inputs/task_15/A27_bb045_s01_4x96KABC.yaml
15	A27_B132_B155	batch_07	A27_bb045_s02	58	/scratch/brussel/vo/000/bvo00014/vsc39230/slyb/boltz_4x96_KABC_mpnn800_16x50_v1/inputs/task_15/A27_bb045_s02_4x96KABC.yaml
15	A27_B132_B155	batch_07	A27_bb045_s03	58	/scratch/brussel/vo/000/bvo00014/vsc39230/slyb/boltz_4x96_KABC_mpnn800_16x50_v1/inputs/task_15/A27_bb045_s03_4x96KABC.yaml
15	A27_B132_B155	batch_07	A27_bb045_s04	58	/scratch/brussel/vo/000/bvo00014/vsc39230/slyb/boltz_4x96_KABC_mpnn800_16x50_v1/inputs/task_15/A27_bb045_s04_4x96KABC.yaml
15	A27_B132_B155	batch_07	A27_bb045_s05	58	/scratch/brussel/vo/000/bvo00014/vsc39230/slyb/boltz_4x96_KABC_mpnn800_16x50_v1/inputs/task_15/A27_bb045_s05_4x96KABC.yaml
15	A27_B132_B155	batch_07	A27_bb045_s06	58	/scratch/brussel/vo/000/bvo00014/vsc39230/slyb/boltz_4x96_KABC_mpnn800_16x50_v1/inputs/task_15/A27_bb045_s06_4x96KABC.yaml
15	A27_B132_B155	batch_07	A27_bb045_s07	58	/scratch/brussel/vo/000/bvo00014/vsc39230/slyb/boltz_4x96_KABC_mpnn800_16x50_v1/inputs/task_15/A27_bb045_s07_4x96KABC.yaml
15	A27_B132_B155	batch_07	A27_bb045_s08	58	/scratch/brussel/vo/000/bvo00014/vsc39230/slyb/boltz_4x96_KABC_mpnn800_16x50_v1/inputs/task_15/A27_bb045_s08_4x96KABC.yaml
15	A27_B132_B155	batch_07	A27_bb046_s01	58	/scratch/brussel/vo/000/bvo00014/vsc39230/slyb/boltz_4x96_KABC_mpnn800_16x50_v1/inputs/task_15/A27_bb046_s01_4x96KABC.yaml
15	A27_B132_B155	batch_07	A27_bb046_s02	58	/scratch/brussel/vo/000/bvo00014/vsc39230/slyb/boltz_4x96_KABC_mpnn800_16x50_v1/inputs/task_15/A27_bb046_s02_4x96KABC.yaml
15	A27_B132_B155	batch_07	A27_bb046_s03	58	/scratch/brussel/vo/000/bvo00014/vsc39230/slyb/boltz_4x96_KABC_mpnn800_16x50_v1/inputs/task_15/A27_bb046_s03_4x96KABC.yaml
15	A27_B132_B155	batch_07	A27_bb046_s04	58	/scratch/brussel/vo/000/bvo00014/vsc39230/slyb/boltz_4x96_KABC_mpnn800_16x50_v1/inputs/task_15/A27_bb046_s04_4x96KABC.yaml
15	A27_B132_B155	batch_07	A27_bb046_s05	58	/scratch/brussel/vo/000/bvo00014/vsc39230/slyb/boltz_4x96_KABC_mpnn800_16x50_v1/inputs/task_15/A27_bb046_s05_4x96KABC.yaml
15	A27_B132_B155	batch_07	A27_bb046_s06	58	/scratch/brussel/vo/000/bvo00014/vsc39230/slyb/boltz_4x96_KABC_mpnn800_16x50_v1/inputs/task_15/A27_bb046_s06_4x96KABC.yaml
15	A27_B132_B155	batch_07	A27_bb046_s07	58	/scratch/brussel/vo/000/bvo00014/vsc39230/slyb/boltz_4x96_KABC_mpnn800_16x50_v1/inputs/task_15/A27_bb046_s07_4x96KABC.yaml
15	A27_B132_B155	batch_07	A27_bb046_s08	58	/scratch/brussel/vo/000/bvo00014/vsc39230/slyb/boltz_4x96_KABC_mpnn800_16x50_v1/inputs/task_15/A27_bb046_s08_4x96KABC.yaml
15	A27_B132_B155	batch_07	A27_bb047_s01	58	/scratch/brussel/vo/000/bvo00014/vsc39230/slyb/boltz_4x96_KABC_mpnn800_16x50_v1/inputs/task_15/A27_bb047_s01_4x96KABC.yaml
15	A27_B132_B155	batch_07	A27_bb047_s02	58	/scratch/brussel/vo/000/bvo00014/vsc39230/slyb/boltz_4x96_KABC_mpnn800_16x50_v1/inputs/task_15/A27_bb047_s02_4x96KABC.yaml
15	A27_B132_B155	batch_07	A27_bb047_s03	58	/scratch/brussel/vo/000/bvo00014/vsc39230/slyb/boltz_4x96_KABC_mpnn800_16x50_v1/inputs/task_15/A27_bb047_s03_4x96KABC.yaml
15	A27_B132_B155	batch_07	A27_bb047_s04	58	/scratch/brussel/vo/000/bvo00014/vsc39230/slyb/boltz_4x96_KABC_mpnn800_16x50_v1/inputs/task_15/A27_bb047_s04_4x96KABC.yaml
15	A27_B132_B155	batch_07	A27_bb047_s05	58	/scratch/brussel/vo/000/bvo00014/vsc39230/slyb/boltz_4x96_KABC_mpnn800_16x50_v1/inputs/task_15/A27_bb047_s05_4x96KABC.yaml
15	A27_B132_B155	batch_07	A27_bb047_s06	58	/scratch/brussel/vo/000/bvo00014/vsc39230/slyb/boltz_4x96_KABC_mpnn800_16x50_v1/inputs/task_15/A27_bb047_s06_4x96KABC.yaml
15	A27_B132_B155	batch_07	A27_bb047_s07	58	/scratch/brussel/vo/000/bvo00014/vsc39230/slyb/boltz_4x96_KABC_mpnn800_16x50_v1/inputs/task_15/A27_bb047_s07_4x96KABC.yaml
15	A27_B132_B155	batch_07	A27_bb047_s08	58	/scratch/brussel/vo/000/bvo00014/vsc39230/slyb/boltz_4x96_KABC_mpnn800_16x50_v1/inputs/task_15/A27_bb047_s08_4x96KABC.yaml
15	A27_B132_B155	batch_07	A27_bb048_s01	58	/scratch/brussel/vo/000/bvo00014/vsc39230/slyb/boltz_4x96_KABC_mpnn800_16x50_v1/inputs/task_15/A27_bb048_s01_4x96KABC.yaml
15	A27_B132_B155	batch_07	A27_bb048_s02	58	/scratch/brussel/vo/000/bvo00014/vsc39230/slyb/boltz_4x96_KABC_mpnn800_16x50_v1/inputs/task_15/A27_bb048_s02_4x96KABC.yaml
15	A27_B132_B155	batch_07	A27_bb048_s03	58	/scratch/brussel/vo/000/bvo00014/vsc39230/slyb/boltz_4x96_KABC_mpnn800_16x50_v1/inputs/task_15/A27_bb048_s03_4x96KABC.yaml
15	A27_B132_B155	batch_07	A27_bb048_s04	58	/scratch/brussel/vo/000/bvo00014/vsc39230/slyb/boltz_4x96_KABC_mpnn800_16x50_v1/inputs/task_15/A27_bb048_s04_4x96KABC.yaml
15	A27_B132_B155	batch_07	A27_bb048_s05	58	/scratch/brussel/vo/000/bvo00014/vsc39230/slyb/boltz_4x96_KABC_mpnn800_16x50_v1/inputs/task_15/A27_bb048_s05_4x96KABC.yaml
15	A27_B132_B155	batch_07	A27_bb048_s06	58	/scratch/brussel/vo/000/bvo00014/vsc39230/slyb/boltz_4x96_KABC_mpnn800_16x50_v1/inputs/task_15/A27_bb048_s06_4x96KABC.yaml
15	A27_B132_B155	batch_07	A27_bb048_s07	58	/scratch/brussel/vo/000/bvo00014/vsc39230/slyb/boltz_4x96_KABC_mpnn800_16x50_v1/inputs/task_15/A27_bb048_s07_4x96KABC.yaml
15	A27_B132_B155	batch_07	A27_bb048_s08	58	/scratch/brussel/vo/000/bvo00014/vsc39230/slyb/boltz_4x96_KABC_mpnn800_16x50_v1/inputs/task_15/A27_bb048_s08_4x96KABC.yaml
15	A27_B132_B155	batch_07	A27_bb049_s01	58	/scratch/brussel/vo/000/bvo00014/vsc39230/slyb/boltz_4x96_KABC_mpnn800_16x50_v1/inputs/task_15/A27_bb049_s01_4x96KABC.yaml
15	A27_B132_B155	batch_07	A27_bb049_s02	58	/scratch/brussel/vo/000/bvo00014/vsc39230/slyb/boltz_4x96_KABC_mpnn800_16x50_v1/inputs/task_15/A27_bb049_s02_4x96KABC.yaml
15	A27_B132_B155	batch_07	A27_bb049_s03	58	/scratch/brussel/vo/000/bvo00014/vsc39230/slyb/boltz_4x96_KABC_mpnn800_16x50_v1/inputs/task_15/A27_bb049_s03_4x96KABC.yaml
15	A27_B132_B155	batch_07	A27_bb049_s04	58	/scratch/brussel/vo/000/bvo00014/vsc39230/slyb/boltz_4x96_KABC_mpnn800_16x50_v1/inputs/task_15/A27_bb049_s04_4x96KABC.yaml
15	A27_B132_B155	batch_07	A27_bb049_s05	58	/scratch/brussel/vo/000/bvo00014/vsc39230/slyb/boltz_4x96_KABC_mpnn800_16x50_v1/inputs/task_15/A27_bb049_s05_4x96KABC.yaml
15	A27_B132_B155	batch_07	A27_bb049_s06	58	/scratch/brussel/vo/000/bvo00014/vsc39230/slyb/boltz_4x96_KABC_mpnn800_16x50_v1/inputs/task_15/A27_bb049_s06_4x96KABC.yaml
15	A27_B132_B155	batch_07	A27_bb049_s07	58	/scratch/brussel/vo/000/bvo00014/vsc39230/slyb/boltz_4x96_KABC_mpnn800_16x50_v1/inputs/task_15/A27_bb049_s07_4x96KABC.yaml
15	A27_B132_B155	batch_07	A27_bb049_s08	58	/scratch/brussel/vo/000/bvo00014/vsc39230/slyb/boltz_4x96_KABC_mpnn800_16x50_v1/inputs/task_15/A27_bb049_s08_4x96KABC.yaml
